"id","flow_id","server_id","path_id","transfer_work_type","path_walk_method","read_file_time_filter","transfer_file_time_filter","transfer_try_count_min_limit","transfer_try_count_max_limit","fragment_time_min_limit_unit","fragment_time_min_limit","fragment_time_max_limit_unit","fragment_time_max_limit","last_modified_time","connection_tag","is_active","created_time","created_by","updated_time","updated_by","extra_info"
1114,111,2,1120,ALL,NESTED,ALL,ALL,0,10,DAYS,72,DAYS,0,2024-07-07 16:01:53.736 +0300,,true,,,,,
2100,161,2,1614,ALL,NESTED,ALL,ALL,0,10,DAYS,500,DAYS,0,2025-06-24 13:17:08.000 +0300,,true,,,,,
1119,114,2,1219,ALL,NESTED,ALL,ALL,0,10,DAYS,72,DAYS,0,2024-07-07 16:01:53.736 +0300,,true,,,,,
1120,114,2,1221,ALL,NESTED,ALL,ALL,0,10,DAYS,72,DAYS,0,2024-07-07 16:01:53.736 +0300,,true,,,,,
1121,114,2,1223,ALL,NESTED,ALL,ALL,0,10,DAYS,72,DAYS,0,2024-07-07 16:01:53.736 +0300,,true,,,,,
1122,114,2,1225,ALL,NESTED,ALL,ALL,0,10,DAYS,72,DAYS,0,2024-07-07 16:01:53.736 +0300,,true,,,,,
1123,114,2,1244,ALL,NESTED,ALL,ALL,0,10,DAYS,72,DAYS,0,2024-07-07 16:01:53.736 +0300,,true,,,,,
1124,114,2,1268,ALL,NESTED,ALL,ALL,0,10,DAYS,72,DAYS,0,2024-07-07 16:01:53.736 +0300,,true,,,,,
1125,114,2,1274,ALL,NESTED,ALL,ALL,0,10,DAYS,72,DAYS,0,2024-07-07 16:01:53.736 +0300,,true,,,,,
1126,114,2,1276,ALL,NESTED,ALL,ALL,0,10,DAYS,72,DAYS,0,2024-07-07 16:01:53.736 +0300,,true,,,,,
1127,114,2,1278,ALL,NESTED,ALL,ALL,0,10,DAYS,72,DAYS,0,2024-07-07 16:01:53.736 +0300,,true,,,,,
1128,114,2,1280,ALL,NESTED,ALL,ALL,0,10,DAYS,72,DAYS,0,2024-07-07 16:01:53.736 +0300,,true,,,,,
1129,114,2,1281,ALL,NESTED,ALL,ALL,0,10,DAYS,72,DAYS,0,2024-07-07 16:01:53.736 +0300,,true,,,,,
1130,114,2,1282,ALL,NESTED,ALL,ALL,0,10,DAYS,72,DAYS,0,2024-07-07 16:01:53.736 +0300,,true,,,,,
1131,114,2,1283,ALL,NESTED,ALL,ALL,0,10,DAYS,72,DAYS,0,2024-07-07 16:01:53.736 +0300,,true,,,,,
1132,114,2,1284,ALL,NESTED,ALL,ALL,0,10,DAYS,72,DAYS,0,2024-07-07 16:01:53.736 +0300,,true,,,,,
1133,114,2,1286,ALL,NESTED,ALL,ALL,0,10,DAYS,72,DAYS,0,2024-07-07 16:01:53.736 +0300,,true,,,,,
1134,114,2,1288,ALL,NESTED,ALL,ALL,0,10,DAYS,72,DAYS,0,2024-07-07 16:01:53.736 +0300,,true,,,,,
1135,114,2,1297,ALL,NESTED,ALL,ALL,0,10,DAYS,72,DAYS,0,2024-07-07 16:01:53.736 +0300,,true,,,,,
1136,114,2,1299,ALL,NESTED,ALL,ALL,0,10,DAYS,72,DAYS,0,2024-07-07 16:01:53.736 +0300,,true,,,,,
1137,120,2,1128,ALL,NESTED,ALL,ALL,0,10,DAYS,72,DAYS,0,2024-07-07 16:01:53.736 +0300,,true,,,,,
1138,120,2,1130,ALL,NESTED,ALL,ALL,0,10,DAYS,72,DAYS,0,2024-07-07 16:01:53.736 +0300,,true,,,,,
1139,120,2,1132,ALL,NESTED,ALL,ALL,0,10,DAYS,72,DAYS,0,2024-07-07 16:01:53.736 +0300,,true,,,,,
1140,120,2,1150,ALL,NESTED,ALL,ALL,0,10,DAYS,72,DAYS,0,2024-07-07 16:01:53.736 +0300,,true,,,,,
1141,120,2,1152,ALL,NESTED,ALL,ALL,0,10,DAYS,72,DAYS,0,2024-07-07 16:01:53.736 +0300,,true,,,,,
1142,120,2,1154,ALL,NESTED,ALL,ALL,0,10,DAYS,72,DAYS,0,2024-07-07 16:01:53.736 +0300,,true,,,,,
1143,120,2,1156,ALL,NESTED,ALL,ALL,0,10,DAYS,72,DAYS,0,2024-07-07 16:01:53.736 +0300,,true,,,,,
1144,120,2,1158,ALL,NESTED,ALL,ALL,0,10,DAYS,72,DAYS,0,2024-07-07 16:01:53.736 +0300,,true,,,,,
1145,120,2,1165,ALL,NESTED,ALL,ALL,0,10,DAYS,72,DAYS,0,2024-07-07 16:01:53.736 +0300,,true,,,,,
1146,120,2,1167,ALL,NESTED,ALL,ALL,0,10,DAYS,72,DAYS,0,2024-07-07 16:01:53.736 +0300,,true,,,,,
1147,120,2,1169,ALL,NESTED,ALL,ALL,0,10,DAYS,72,DAYS,0,2024-07-07 16:01:53.736 +0300,,true,,,,,
1148,120,2,1171,ALL,NESTED,ALL,ALL,0,10,DAYS,72,DAYS,0,2024-07-07 16:01:53.736 +0300,,true,,,,,
1149,120,2,1177,ALL,NESTED,ALL,ALL,0,10,DAYS,72,DAYS,0,2024-07-07 16:01:53.736 +0300,,true,,,,,
1150,120,2,1180,ALL,NESTED,ALL,ALL,0,10,DAYS,72,DAYS,0,2024-07-07 16:01:53.736 +0300,,true,,,,,
1151,120,2,1182,ALL,NESTED,ALL,ALL,0,10,DAYS,72,DAYS,0,2024-07-07 16:01:53.736 +0300,,true,,,,,
1152,120,2,1200,ALL,NESTED,ALL,ALL,0,10,DAYS,72,DAYS,0,2024-07-07 16:01:53.736 +0300,,true,,,,,
1153,120,2,1212,ALL,NESTED,ALL,ALL,0,10,DAYS,72,DAYS,0,2024-07-07 16:01:53.736 +0300,,true,,,,,
1154,120,2,1219,ALL,NESTED,ALL,ALL,0,10,DAYS,72,DAYS,0,2024-07-07 16:01:53.736 +0300,,true,,,,,
1155,120,2,1221,ALL,NESTED,ALL,ALL,0,10,DAYS,72,DAYS,0,2024-07-07 16:01:53.736 +0300,,true,,,,,
1156,120,2,1223,ALL,NESTED,ALL,ALL,0,10,DAYS,72,DAYS,0,2024-07-07 16:01:53.736 +0300,,true,,,,,
1157,120,2,1225,ALL,NESTED,ALL,ALL,0,10,DAYS,72,DAYS,0,2024-07-07 16:01:53.736 +0300,,true,,,,,
1158,120,2,1238,ALL,NESTED,ALL,ALL,0,10,DAYS,72,DAYS,0,2024-07-07 16:01:53.736 +0300,,true,,,,,
1159,120,2,1240,ALL,NESTED,ALL,ALL,0,10,DAYS,72,DAYS,0,2024-07-07 16:01:53.736 +0300,,true,,,,,
1160,120,2,1242,ALL,NESTED,ALL,ALL,0,10,DAYS,72,DAYS,0,2024-07-07 16:01:53.736 +0300,,true,,,,,
1161,120,2,1244,ALL,NESTED,ALL,ALL,0,10,DAYS,72,DAYS,0,2024-07-07 16:01:53.736 +0300,,true,,,,,
1162,120,2,1246,ALL,NESTED,ALL,ALL,0,10,DAYS,72,DAYS,0,2024-07-07 16:01:53.736 +0300,,true,,,,,
1163,120,2,1253,ALL,NESTED,ALL,ALL,0,10,DAYS,72,DAYS,0,2024-07-07 16:01:53.736 +0300,,true,,,,,
1164,120,2,1255,ALL,NESTED,ALL,ALL,0,10,DAYS,72,DAYS,0,2024-07-07 16:01:53.736 +0300,,true,,,,,
1165,120,2,1257,ALL,NESTED,ALL,ALL,0,10,DAYS,72,DAYS,0,2024-07-07 16:01:53.736 +0300,,true,,,,,
1113,111,2,1119,ALL,NESTED,ALL,ALL,0,10,DAYS,72,DAYS,0,2024-07-07 16:01:53.736 +0300,,true,,,,,
1112,111,2,1118,ALL,NESTED,ALL,ALL,0,10,DAYS,72,DAYS,0,2024-07-07 16:01:53.736 +0300,,true,,,,,
1111,111,2,1117,ALL,NESTED,ALL,ALL,0,10,DAYS,72,DAYS,0,2024-07-07 16:01:53.736 +0300,,true,,,,,
1118,111,2,1611,ALL,NESTED,ALL,ALL,0,10,DAYS,72,DAYS,0,2025-06-25 17:40:34.000 +0300,,true,,,,,
1117,111,2,1610,ALL,NESTED,ALL,ALL,0,10,DAYS,72,DAYS,0,2025-06-25 17:40:02.000 +0300,,true,,,,,
1166,120,2,1259,ALL,NESTED,ALL,ALL,0,10,DAYS,72,DAYS,0,2024-07-07 16:01:53.736 +0300,,true,,,,,
1167,120,2,1268,ALL,NESTED,ALL,ALL,0,10,DAYS,72,DAYS,0,2024-07-07 16:01:53.736 +0300,,true,,,,,
1168,120,2,1274,ALL,NESTED,ALL,ALL,0,10,DAYS,72,DAYS,0,2024-07-07 16:01:53.736 +0300,,true,,,,,
1169,120,2,1276,ALL,NESTED,ALL,ALL,0,10,DAYS,72,DAYS,0,2024-07-07 16:01:53.736 +0300,,true,,,,,
1170,120,2,1278,ALL,NESTED,ALL,ALL,0,10,DAYS,72,DAYS,0,2024-07-07 16:01:53.736 +0300,,true,,,,,
1171,120,2,1280,ALL,NESTED,ALL,ALL,0,10,DAYS,72,DAYS,0,2024-07-07 16:01:53.736 +0300,,true,,,,,
1172,120,2,1281,ALL,NESTED,ALL,ALL,0,10,DAYS,72,DAYS,0,2024-07-07 16:01:53.736 +0300,,true,,,,,
1173,120,2,1282,ALL,NESTED,ALL,ALL,0,10,DAYS,72,DAYS,0,2024-07-07 16:01:53.736 +0300,,true,,,,,
1174,120,2,1283,ALL,NESTED,ALL,ALL,0,10,DAYS,72,DAYS,0,2024-07-07 16:01:53.736 +0300,,true,,,,,
1175,120,2,1284,ALL,NESTED,ALL,ALL,0,10,DAYS,72,DAYS,0,2024-07-07 16:01:53.736 +0300,,true,,,,,
1176,120,2,1286,ALL,NESTED,ALL,ALL,0,10,DAYS,72,DAYS,0,2024-07-07 16:01:53.736 +0300,,true,,,,,
1177,120,2,1288,ALL,NESTED,ALL,ALL,0,10,DAYS,72,DAYS,0,2024-07-07 16:01:53.736 +0300,,true,,,,,
1178,120,2,1297,ALL,NESTED,ALL,ALL,0,10,DAYS,72,DAYS,0,2024-07-07 16:01:53.736 +0300,,true,,,,,
1179,120,2,1299,ALL,NESTED,ALL,ALL,0,10,DAYS,72,DAYS,0,2024-07-07 16:01:53.736 +0300,,true,,,,,
1180,120,2,1301,ALL,NESTED,ALL,ALL,0,10,DAYS,72,DAYS,0,2024-07-07 16:01:53.736 +0300,,true,,,,,
1181,120,2,1303,ALL,NESTED,ALL,ALL,0,10,DAYS,72,DAYS,0,2024-07-07 16:01:53.736 +0300,,true,,,,,
1182,120,2,1305,ALL,NESTED,ALL,ALL,0,10,DAYS,72,DAYS,0,2024-07-07 16:01:53.736 +0300,,true,,,,,
1183,120,2,1312,ALL,NESTED,ALL,ALL,0,10,DAYS,72,DAYS,0,2024-07-07 16:01:53.736 +0300,,true,,,,,
1184,120,2,1314,ALL,NESTED,ALL,ALL,0,10,DAYS,72,DAYS,0,2024-07-07 16:01:53.736 +0300,,true,,,,,
1185,120,2,1316,ALL,NESTED,ALL,ALL,0,10,DAYS,72,DAYS,0,2024-07-07 16:01:53.736 +0300,,true,,,,,
1186,120,2,1318,ALL,NESTED,ALL,ALL,0,10,DAYS,72,DAYS,0,2024-07-07 16:01:53.736 +0300,,true,,,,,
1187,120,2,1336,ALL,NESTED,ALL,ALL,0,10,DAYS,72,DAYS,0,2024-07-07 16:01:53.736 +0300,,true,,,,,
1188,120,2,1338,ALL,NESTED,ALL,ALL,0,10,DAYS,72,DAYS,0,2024-07-07 16:01:53.736 +0300,,true,,,,,
1189,120,2,1340,ALL,NESTED,ALL,ALL,0,10,DAYS,72,DAYS,0,2024-07-07 16:01:53.736 +0300,,true,,,,,
1190,120,2,1342,ALL,NESTED,ALL,ALL,0,10,DAYS,72,DAYS,0,2024-07-07 16:01:53.736 +0300,,true,,,,,
1191,120,2,1349,ALL,NESTED,ALL,ALL,0,10,DAYS,72,DAYS,0,2024-07-07 16:01:53.736 +0300,,true,,,,,
1192,120,2,1351,ALL,NESTED,ALL,ALL,0,10,DAYS,72,DAYS,0,2024-07-07 16:01:53.736 +0300,,true,,,,,
1193,120,2,1353,ALL,NESTED,ALL,ALL,0,10,DAYS,72,DAYS,0,2024-07-07 16:01:53.736 +0300,,true,,,,,
1194,120,2,1355,ALL,NESTED,ALL,ALL,0,10,DAYS,72,DAYS,0,2024-07-07 16:01:53.736 +0300,,true,,,,,
1195,120,2,1373,ALL,NESTED,ALL,ALL,0,10,DAYS,72,DAYS,0,2024-07-07 16:01:53.736 +0300,,true,,,,,
1196,120,2,1375,ALL,NESTED,ALL,ALL,0,10,DAYS,72,DAYS,0,2024-07-07 16:01:53.736 +0300,,true,,,,,
1197,120,2,1393,ALL,NESTED,ALL,ALL,0,10,DAYS,72,DAYS,0,2024-07-07 16:01:53.736 +0300,,true,,,,,
1905,141,2,1139,ALL,NESTED,ALL,ALL,0,10,DAYS,720,DAYS,0,2024-07-07 16:01:53.736 +0300,,true,,,,,
2096,159,2,1114,ALL,NESTED,ALL,ALL,0,10,DAYS,720,DAYS,0,2024-07-07 16:01:53.736 +0300,,true,,,,,
1207,122,2,1129,ALL,NESTED,ALL,ALL,0,10,DAYS,365,DAYS,0,2024-07-07 16:01:53.736 +0300,,true,,,,,
1208,122,2,1131,ALL,NESTED,ALL,ALL,0,10,DAYS,365,DAYS,0,2024-07-07 16:01:53.736 +0300,,true,,,,,
1209,122,2,1143,ALL,NESTED,ALL,ALL,0,10,DAYS,365,DAYS,0,2024-07-07 16:01:53.736 +0300,,true,,,,,
1210,122,2,1149,ALL,NESTED,ALL,ALL,0,10,DAYS,365,DAYS,0,2024-07-07 16:01:53.736 +0300,,true,,,,,
1211,122,2,1151,ALL,NESTED,ALL,ALL,0,10,DAYS,365,DAYS,0,2024-07-07 16:01:53.736 +0300,,true,,,,,
1212,122,2,1153,ALL,NESTED,ALL,ALL,0,10,DAYS,365,DAYS,0,2024-07-07 16:01:53.736 +0300,,true,,,,,
1213,122,2,1155,ALL,NESTED,ALL,ALL,0,10,DAYS,365,DAYS,0,2024-07-07 16:01:53.736 +0300,,true,,,,,
1215,122,2,1164,ALL,NESTED,ALL,ALL,0,10,DAYS,365,DAYS,0,2024-07-07 16:01:53.736 +0300,,true,,,,,
1216,122,2,1166,ALL,NESTED,ALL,ALL,0,10,DAYS,365,DAYS,0,2024-07-07 16:01:53.736 +0300,,true,,,,,
1217,122,2,1168,ALL,NESTED,ALL,ALL,0,10,DAYS,365,DAYS,0,2024-07-07 16:01:53.736 +0300,,true,,,,,
1218,122,2,1170,ALL,NESTED,ALL,ALL,0,10,DAYS,365,DAYS,0,2024-07-07 16:01:53.736 +0300,,true,,,,,
1219,122,2,1176,ALL,NESTED,ALL,ALL,0,10,DAYS,365,DAYS,0,2024-07-07 16:01:53.736 +0300,,true,,,,,
1220,122,2,1179,ALL,NESTED,ALL,ALL,0,10,DAYS,365,DAYS,0,2024-07-07 16:01:53.736 +0300,,true,,,,,
1200,121,2,1205,ALL,NESTED,ALL,ALL,0,10,DAYS,365,DAYS,0,2024-07-07 16:01:53.736 +0300,,false,,,,,
1201,121,2,1230,ALL,NESTED,ALL,ALL,0,10,DAYS,365,DAYS,0,2024-07-07 16:01:53.736 +0300,,false,,,,,
1203,121,2,1328,ALL,NESTED,ALL,ALL,0,10,DAYS,365,DAYS,0,2024-07-07 16:01:53.736 +0300,,false,,,,,
1205,121,2,1385,ALL,NESTED,ALL,ALL,0,10,DAYS,365,DAYS,0,2024-07-07 16:01:53.736 +0300,,false,,,,,
1202,121,2,1293,ALL,NESTED,ALL,ALL,0,10,DAYS,365,DAYS,0,2025-06-25 18:03:16.000 +0300,,true,,,,,
1198,121,2,1142,ALL,NESTED,ALL,ALL,0,10,DAYS,365,DAYS,0,2024-07-07 16:01:53.736 +0300,,false,,,,,
1204,121,2,1365,ALL,NESTED,ALL,ALL,0,10,DAYS,365,DAYS,0,2024-07-07 16:01:53.736 +0300,,false,,,,,
2056,158,2,1549,ALL,NESTED,ALL,ALL,0,10,DAYS,720,DAYS,0,2025-06-24 12:37:35.000 +0300,,true,,,,,
1275,123,2,1128,ALL,NESTED,ALL,ALL,0,10,DAYS,72,DAYS,0,2024-07-07 16:01:53.736 +0300,,true,,,,,
1221,122,2,1181,ALL,NESTED,ALL,ALL,0,10,DAYS,365,DAYS,0,2024-07-07 16:01:53.736 +0300,,true,,,,,
1222,122,2,1193,ALL,NESTED,ALL,ALL,0,10,DAYS,365,DAYS,0,2024-07-07 16:01:53.736 +0300,,true,,,,,
1223,122,2,1199,ALL,NESTED,ALL,ALL,0,10,DAYS,365,DAYS,0,2024-07-07 16:01:53.736 +0300,,true,,,,,
1224,122,2,1211,ALL,NESTED,ALL,ALL,0,10,DAYS,365,DAYS,0,2024-07-07 16:01:53.736 +0300,,true,,,,,
1225,122,2,1220,ALL,NESTED,ALL,ALL,0,10,DAYS,365,DAYS,0,2024-07-07 16:01:53.736 +0300,,true,,,,,
1226,122,2,1222,ALL,NESTED,ALL,ALL,0,10,DAYS,365,DAYS,0,2024-07-07 16:01:53.736 +0300,,true,,,,,
1227,122,2,1224,ALL,NESTED,ALL,ALL,0,10,DAYS,365,DAYS,0,2024-07-07 16:01:53.736 +0300,,true,,,,,
1229,122,2,1237,ALL,NESTED,ALL,ALL,0,10,DAYS,365,DAYS,0,2024-07-07 16:01:53.736 +0300,,true,,,,,
1230,122,2,1239,ALL,NESTED,ALL,ALL,0,10,DAYS,365,DAYS,0,2024-07-07 16:01:53.736 +0300,,true,,,,,
1231,122,2,1241,ALL,NESTED,ALL,ALL,0,10,DAYS,365,DAYS,0,2024-07-07 16:01:53.736 +0300,,true,,,,,
1232,122,2,1243,ALL,NESTED,ALL,ALL,0,10,DAYS,365,DAYS,0,2024-07-07 16:01:53.736 +0300,,true,,,,,
1233,122,2,1245,ALL,NESTED,ALL,ALL,0,10,DAYS,365,DAYS,0,2024-07-07 16:01:53.736 +0300,,true,,,,,
1234,122,2,1252,ALL,NESTED,ALL,ALL,0,10,DAYS,365,DAYS,0,2024-07-07 16:01:53.736 +0300,,true,,,,,
1235,122,2,1254,ALL,NESTED,ALL,ALL,0,10,DAYS,365,DAYS,0,2024-07-07 16:01:53.736 +0300,,true,,,,,
1236,122,2,1256,ALL,NESTED,ALL,ALL,0,10,DAYS,365,DAYS,0,2024-07-07 16:01:53.736 +0300,,true,,,,,
1237,122,2,1258,ALL,NESTED,ALL,ALL,0,10,DAYS,365,DAYS,0,2024-07-07 16:01:53.736 +0300,,true,,,,,
1238,122,2,1277,ALL,NESTED,ALL,ALL,0,10,DAYS,365,DAYS,0,2024-07-07 16:01:53.736 +0300,,true,,,,,
1239,122,2,1279,ALL,NESTED,ALL,ALL,0,10,DAYS,365,DAYS,0,2024-07-07 16:01:53.736 +0300,,true,,,,,
1240,122,2,1285,ALL,NESTED,ALL,ALL,0,10,DAYS,365,DAYS,0,2024-07-07 16:01:53.736 +0300,,true,,,,,
1241,122,2,1287,ALL,NESTED,ALL,ALL,0,10,DAYS,365,DAYS,0,2024-07-07 16:01:53.736 +0300,,true,,,,,
1242,122,2,1294,ALL,NESTED,ALL,ALL,0,10,DAYS,365,DAYS,0,2024-07-07 16:01:53.736 +0300,,true,,,,,
1243,122,2,1296,ALL,NESTED,ALL,ALL,0,10,DAYS,365,DAYS,0,2024-07-07 16:01:53.736 +0300,,true,,,,,
1244,122,2,1298,ALL,NESTED,ALL,ALL,0,10,DAYS,365,DAYS,0,2024-07-07 16:01:53.736 +0300,,true,,,,,
1245,122,2,1300,ALL,NESTED,ALL,ALL,0,10,DAYS,365,DAYS,0,2024-07-07 16:01:53.736 +0300,,true,,,,,
1246,122,2,1302,ALL,NESTED,ALL,ALL,0,10,DAYS,365,DAYS,0,2024-07-07 16:01:53.736 +0300,,true,,,,,
1247,122,2,1304,ALL,NESTED,ALL,ALL,0,10,DAYS,365,DAYS,0,2024-07-07 16:01:53.736 +0300,,true,,,,,
1248,122,2,1311,ALL,NESTED,ALL,ALL,0,10,DAYS,365,DAYS,0,2024-07-07 16:01:53.736 +0300,,true,,,,,
1249,122,2,1313,ALL,NESTED,ALL,ALL,0,10,DAYS,365,DAYS,0,2024-07-07 16:01:53.736 +0300,,true,,,,,
1250,122,2,1315,ALL,NESTED,ALL,ALL,0,10,DAYS,365,DAYS,0,2024-07-07 16:01:53.736 +0300,,true,,,,,
1251,122,2,1317,ALL,NESTED,ALL,ALL,0,10,DAYS,365,DAYS,0,2024-07-07 16:01:53.736 +0300,,true,,,,,
1252,122,2,1329,ALL,NESTED,ALL,ALL,0,10,DAYS,365,DAYS,0,2024-07-07 16:01:53.736 +0300,,true,,,,,
1253,122,2,1335,ALL,NESTED,ALL,ALL,0,10,DAYS,365,DAYS,0,2024-07-07 16:01:53.736 +0300,,true,,,,,
1254,122,2,1337,ALL,NESTED,ALL,ALL,0,10,DAYS,365,DAYS,0,2024-07-07 16:01:53.736 +0300,,true,,,,,
1255,122,2,1339,ALL,NESTED,ALL,ALL,0,10,DAYS,365,DAYS,0,2024-07-07 16:01:53.736 +0300,,true,,,,,
1256,122,2,1341,ALL,NESTED,ALL,ALL,0,10,DAYS,365,DAYS,0,2024-07-07 16:01:53.736 +0300,,true,,,,,
1257,122,2,1348,ALL,NESTED,ALL,ALL,0,10,DAYS,365,DAYS,0,2024-07-07 16:01:53.736 +0300,,true,,,,,
1258,122,2,1350,ALL,NESTED,ALL,ALL,0,10,DAYS,365,DAYS,0,2024-07-07 16:01:53.736 +0300,,true,,,,,
1259,122,2,1352,ALL,NESTED,ALL,ALL,0,10,DAYS,365,DAYS,0,2024-07-07 16:01:53.736 +0300,,true,,,,,
1260,122,2,1354,ALL,NESTED,ALL,ALL,0,10,DAYS,365,DAYS,0,2024-07-07 16:01:53.736 +0300,,true,,,,,
1261,122,2,1366,ALL,NESTED,ALL,ALL,0,10,DAYS,365,DAYS,0,2024-07-07 16:01:53.736 +0300,,true,,,,,
1262,122,2,1372,ALL,NESTED,ALL,ALL,0,10,DAYS,365,DAYS,0,2024-07-07 16:01:53.736 +0300,,true,,,,,
1263,122,2,1374,ALL,NESTED,ALL,ALL,0,10,DAYS,365,DAYS,0,2024-07-07 16:01:53.736 +0300,,true,,,,,
1264,122,2,1386,ALL,NESTED,ALL,ALL,0,10,DAYS,365,DAYS,0,2024-07-07 16:01:53.736 +0300,,true,,,,,
1266,122,2,1394,ALL,NESTED,ALL,ALL,0,10,DAYS,365,DAYS,0,2024-07-07 16:01:53.736 +0300,,true,,,,,
1267,122,2,1409,ALL,NESTED,ALL,ALL,0,10,DAYS,365,DAYS,0,2024-07-07 16:01:53.736 +0300,,true,,,,,
1268,122,2,1441,ALL,NESTED,ALL,ALL,0,10,DAYS,365,DAYS,0,2024-07-07 16:01:53.736 +0300,,true,,,,,
1269,122,2,1442,ALL,NESTED,ALL,ALL,0,10,DAYS,365,DAYS,0,2024-07-07 16:01:53.736 +0300,,true,,,,,
1270,122,2,1445,ALL,NESTED,ALL,ALL,0,10,DAYS,365,DAYS,0,2024-07-07 16:01:53.736 +0300,,true,,,,,
1271,122,2,1606,ALL,NESTED,ALL,ALL,0,10,DAYS,365,DAYS,0,2024-07-07 16:01:53.736 +0300,,true,,,,,
1272,122,2,1625,ALL,NESTED,ALL,ALL,0,10,DAYS,365,DAYS,0,2024-07-07 16:01:53.736 +0300,,true,,,,,
1273,122,2,1638,ALL,NESTED,ALL,ALL,0,10,DAYS,365,DAYS,0,2024-07-07 16:01:53.736 +0300,,true,,,,,
1276,123,2,1130,ALL,NESTED,ALL,ALL,0,10,DAYS,72,DAYS,0,2024-07-07 16:01:53.736 +0300,,true,,,,,
1277,123,2,1132,ALL,NESTED,ALL,ALL,0,10,DAYS,72,DAYS,0,2024-07-07 16:01:53.736 +0300,,true,,,,,
1278,123,2,1150,ALL,NESTED,ALL,ALL,0,10,DAYS,72,DAYS,0,2024-07-07 16:01:53.736 +0300,,true,,,,,
1279,123,2,1152,ALL,NESTED,ALL,ALL,0,10,DAYS,72,DAYS,0,2024-07-07 16:01:53.736 +0300,,true,,,,,
1280,123,2,1154,ALL,NESTED,ALL,ALL,0,10,DAYS,72,DAYS,0,2024-07-07 16:01:53.736 +0300,,true,,,,,
1281,123,2,1156,ALL,NESTED,ALL,ALL,0,10,DAYS,72,DAYS,0,2024-07-07 16:01:53.736 +0300,,true,,,,,
1282,123,2,1158,ALL,NESTED,ALL,ALL,0,10,DAYS,72,DAYS,0,2024-07-07 16:01:53.736 +0300,,true,,,,,
1283,123,2,1165,ALL,NESTED,ALL,ALL,0,10,DAYS,72,DAYS,0,2024-07-07 16:01:53.736 +0300,,true,,,,,
1284,123,2,1167,ALL,NESTED,ALL,ALL,0,10,DAYS,72,DAYS,0,2024-07-07 16:01:53.736 +0300,,true,,,,,
1285,123,2,1169,ALL,NESTED,ALL,ALL,0,10,DAYS,72,DAYS,0,2024-07-07 16:01:53.736 +0300,,true,,,,,
1286,123,2,1171,ALL,NESTED,ALL,ALL,0,10,DAYS,72,DAYS,0,2024-07-07 16:01:53.736 +0300,,true,,,,,
1287,123,2,1177,ALL,NESTED,ALL,ALL,0,10,DAYS,72,DAYS,0,2024-07-07 16:01:53.736 +0300,,true,,,,,
1288,123,2,1180,ALL,NESTED,ALL,ALL,0,10,DAYS,72,DAYS,0,2024-07-07 16:01:53.736 +0300,,true,,,,,
1289,123,2,1182,ALL,NESTED,ALL,ALL,0,10,DAYS,72,DAYS,0,2024-07-07 16:01:53.736 +0300,,true,,,,,
1290,123,2,1200,ALL,NESTED,ALL,ALL,0,10,DAYS,72,DAYS,0,2024-07-07 16:01:53.736 +0300,,true,,,,,
1291,123,2,1212,ALL,NESTED,ALL,ALL,0,10,DAYS,72,DAYS,0,2024-07-07 16:01:53.736 +0300,,true,,,,,
1292,123,2,1219,ALL,NESTED,ALL,ALL,0,10,DAYS,72,DAYS,0,2024-07-07 16:01:53.736 +0300,,true,,,,,
1293,123,2,1221,ALL,NESTED,ALL,ALL,0,10,DAYS,72,DAYS,0,2024-07-07 16:01:53.736 +0300,,true,,,,,
1294,123,2,1223,ALL,NESTED,ALL,ALL,0,10,DAYS,72,DAYS,0,2024-07-07 16:01:53.736 +0300,,true,,,,,
1295,123,2,1225,ALL,NESTED,ALL,ALL,0,10,DAYS,72,DAYS,0,2024-07-07 16:01:53.736 +0300,,true,,,,,
1296,123,2,1238,ALL,NESTED,ALL,ALL,0,10,DAYS,72,DAYS,0,2024-07-07 16:01:53.736 +0300,,true,,,,,
1297,123,2,1240,ALL,NESTED,ALL,ALL,0,10,DAYS,72,DAYS,0,2024-07-07 16:01:53.736 +0300,,true,,,,,
1298,123,2,1242,ALL,NESTED,ALL,ALL,0,10,DAYS,72,DAYS,0,2024-07-07 16:01:53.736 +0300,,true,,,,,
1299,123,2,1244,ALL,NESTED,ALL,ALL,0,10,DAYS,72,DAYS,0,2024-07-07 16:01:53.736 +0300,,true,,,,,
1300,123,2,1246,ALL,NESTED,ALL,ALL,0,10,DAYS,72,DAYS,0,2024-07-07 16:01:53.736 +0300,,true,,,,,
1301,123,2,1253,ALL,NESTED,ALL,ALL,0,10,DAYS,72,DAYS,0,2024-07-07 16:01:53.736 +0300,,true,,,,,
1302,123,2,1255,ALL,NESTED,ALL,ALL,0,10,DAYS,72,DAYS,0,2024-07-07 16:01:53.736 +0300,,true,,,,,
1303,123,2,1257,ALL,NESTED,ALL,ALL,0,10,DAYS,72,DAYS,0,2024-07-07 16:01:53.736 +0300,,true,,,,,
1304,123,2,1259,ALL,NESTED,ALL,ALL,0,10,DAYS,72,DAYS,0,2024-07-07 16:01:53.736 +0300,,true,,,,,
1305,123,2,1268,ALL,NESTED,ALL,ALL,0,10,DAYS,72,DAYS,0,2024-07-07 16:01:53.736 +0300,,true,,,,,
1306,123,2,1274,ALL,NESTED,ALL,ALL,0,10,DAYS,72,DAYS,0,2024-07-07 16:01:53.736 +0300,,true,,,,,
1307,123,2,1276,ALL,NESTED,ALL,ALL,0,10,DAYS,72,DAYS,0,2024-07-07 16:01:53.736 +0300,,true,,,,,
1308,123,2,1278,ALL,NESTED,ALL,ALL,0,10,DAYS,72,DAYS,0,2024-07-07 16:01:53.736 +0300,,true,,,,,
1309,123,2,1280,ALL,NESTED,ALL,ALL,0,10,DAYS,72,DAYS,0,2024-07-07 16:01:53.736 +0300,,true,,,,,
1310,123,2,1281,ALL,NESTED,ALL,ALL,0,10,DAYS,72,DAYS,0,2024-07-07 16:01:53.736 +0300,,true,,,,,
1311,123,2,1282,ALL,NESTED,ALL,ALL,0,10,DAYS,72,DAYS,0,2024-07-07 16:01:53.736 +0300,,true,,,,,
1312,123,2,1283,ALL,NESTED,ALL,ALL,0,10,DAYS,72,DAYS,0,2024-07-07 16:01:53.736 +0300,,true,,,,,
1313,123,2,1284,ALL,NESTED,ALL,ALL,0,10,DAYS,72,DAYS,0,2024-07-07 16:01:53.736 +0300,,true,,,,,
1314,123,2,1286,ALL,NESTED,ALL,ALL,0,10,DAYS,72,DAYS,0,2024-07-07 16:01:53.736 +0300,,true,,,,,
1315,123,2,1288,ALL,NESTED,ALL,ALL,0,10,DAYS,72,DAYS,0,2024-07-07 16:01:53.736 +0300,,true,,,,,
1316,123,2,1297,ALL,NESTED,ALL,ALL,0,10,DAYS,72,DAYS,0,2024-07-07 16:01:53.736 +0300,,true,,,,,
1317,123,2,1299,ALL,NESTED,ALL,ALL,0,10,DAYS,72,DAYS,0,2024-07-07 16:01:53.736 +0300,,true,,,,,
1318,123,2,1301,ALL,NESTED,ALL,ALL,0,10,DAYS,72,DAYS,0,2024-07-07 16:01:53.736 +0300,,true,,,,,
1319,123,2,1303,ALL,NESTED,ALL,ALL,0,10,DAYS,72,DAYS,0,2024-07-07 16:01:53.736 +0300,,true,,,,,
1320,123,2,1305,ALL,NESTED,ALL,ALL,0,10,DAYS,72,DAYS,0,2024-07-07 16:01:53.736 +0300,,true,,,,,
1321,123,2,1312,ALL,NESTED,ALL,ALL,0,10,DAYS,72,DAYS,0,2024-07-07 16:01:53.736 +0300,,true,,,,,
1322,123,2,1314,ALL,NESTED,ALL,ALL,0,10,DAYS,72,DAYS,0,2024-07-07 16:01:53.736 +0300,,true,,,,,
1323,123,2,1316,ALL,NESTED,ALL,ALL,0,10,DAYS,72,DAYS,0,2024-07-07 16:01:53.736 +0300,,true,,,,,
1324,123,2,1318,ALL,NESTED,ALL,ALL,0,10,DAYS,72,DAYS,0,2024-07-07 16:01:53.736 +0300,,true,,,,,
1325,123,2,1336,ALL,NESTED,ALL,ALL,0,10,DAYS,72,DAYS,0,2024-07-07 16:01:53.736 +0300,,true,,,,,
1326,123,2,1338,ALL,NESTED,ALL,ALL,0,10,DAYS,72,DAYS,0,2024-07-07 16:01:53.736 +0300,,true,,,,,
1327,123,2,1340,ALL,NESTED,ALL,ALL,0,10,DAYS,72,DAYS,0,2024-07-07 16:01:53.736 +0300,,true,,,,,
1328,123,2,1342,ALL,NESTED,ALL,ALL,0,10,DAYS,72,DAYS,0,2024-07-07 16:01:53.736 +0300,,true,,,,,
1329,123,2,1349,ALL,NESTED,ALL,ALL,0,10,DAYS,72,DAYS,0,2024-07-07 16:01:53.736 +0300,,true,,,,,
1330,123,2,1351,ALL,NESTED,ALL,ALL,0,10,DAYS,72,DAYS,0,2024-07-07 16:01:53.736 +0300,,true,,,,,
1331,123,2,1353,ALL,NESTED,ALL,ALL,0,10,DAYS,72,DAYS,0,2024-07-07 16:01:53.736 +0300,,true,,,,,
1332,123,2,1355,ALL,NESTED,ALL,ALL,0,10,DAYS,72,DAYS,0,2024-07-07 16:01:53.736 +0300,,true,,,,,
1333,123,2,1373,ALL,NESTED,ALL,ALL,0,10,DAYS,72,DAYS,0,2024-07-07 16:01:53.736 +0300,,true,,,,,
1334,123,2,1375,ALL,NESTED,ALL,ALL,0,10,DAYS,72,DAYS,0,2024-07-07 16:01:53.736 +0300,,true,,,,,
1335,123,2,1393,ALL,NESTED,ALL,ALL,0,10,DAYS,72,DAYS,0,2024-07-07 16:01:53.736 +0300,,true,,,,,
1336,125,2,1127,ALL,NESTED,ALL,ALL,0,10,DAYS,72,DAYS,0,2024-07-07 16:01:53.736 +0300,,true,,,,,
1337,125,2,1129,ALL,NESTED,ALL,ALL,0,10,DAYS,72,DAYS,0,2024-07-07 16:01:53.736 +0300,,true,,,,,
1338,125,2,1131,ALL,NESTED,ALL,ALL,0,10,DAYS,72,DAYS,0,2024-07-07 16:01:53.736 +0300,,true,,,,,
1339,125,2,1143,ALL,NESTED,ALL,ALL,0,10,DAYS,72,DAYS,0,2024-07-07 16:01:53.736 +0300,,true,,,,,
1340,125,2,1149,ALL,NESTED,ALL,ALL,0,10,DAYS,72,DAYS,0,2024-07-07 16:01:53.736 +0300,,true,,,,,
1341,125,2,1151,ALL,NESTED,ALL,ALL,0,10,DAYS,72,DAYS,0,2024-07-07 16:01:53.736 +0300,,true,,,,,
1342,125,2,1153,ALL,NESTED,ALL,ALL,0,10,DAYS,72,DAYS,0,2024-07-07 16:01:53.736 +0300,,true,,,,,
1343,125,2,1155,ALL,NESTED,ALL,ALL,0,10,DAYS,72,DAYS,0,2024-07-07 16:01:53.736 +0300,,true,,,,,
1344,125,2,1157,ALL,NESTED,ALL,ALL,0,10,DAYS,72,DAYS,0,2024-07-07 16:01:53.736 +0300,,true,,,,,
1345,125,2,1164,ALL,NESTED,ALL,ALL,0,10,DAYS,72,DAYS,0,2024-07-07 16:01:53.736 +0300,,true,,,,,
1346,125,2,1166,ALL,NESTED,ALL,ALL,0,10,DAYS,72,DAYS,0,2024-07-07 16:01:53.736 +0300,,true,,,,,
1347,125,2,1168,ALL,NESTED,ALL,ALL,0,10,DAYS,72,DAYS,0,2024-07-07 16:01:53.736 +0300,,true,,,,,
1348,125,2,1170,ALL,NESTED,ALL,ALL,0,10,DAYS,72,DAYS,0,2024-07-07 16:01:53.736 +0300,,true,,,,,
1349,125,2,1176,ALL,NESTED,ALL,ALL,0,10,DAYS,72,DAYS,0,2024-07-07 16:01:53.736 +0300,,true,,,,,
1350,125,2,1179,ALL,NESTED,ALL,ALL,0,10,DAYS,72,DAYS,0,2024-07-07 16:01:53.736 +0300,,true,,,,,
1351,125,2,1181,ALL,NESTED,ALL,ALL,0,10,DAYS,72,DAYS,0,2024-07-07 16:01:53.736 +0300,,true,,,,,
1352,125,2,1193,ALL,NESTED,ALL,ALL,0,10,DAYS,72,DAYS,0,2024-07-07 16:01:53.736 +0300,,true,,,,,
1353,125,2,1199,ALL,NESTED,ALL,ALL,0,10,DAYS,72,DAYS,0,2024-07-07 16:01:53.736 +0300,,true,,,,,
1354,125,2,1211,ALL,NESTED,ALL,ALL,0,10,DAYS,72,DAYS,0,2024-07-07 16:01:53.736 +0300,,true,,,,,
1355,125,2,1220,ALL,NESTED,ALL,ALL,0,10,DAYS,72,DAYS,0,2024-07-07 16:01:53.736 +0300,,true,,,,,
1356,125,2,1222,ALL,NESTED,ALL,ALL,0,10,DAYS,72,DAYS,0,2024-07-07 16:01:53.736 +0300,,true,,,,,
1357,125,2,1224,ALL,NESTED,ALL,ALL,0,10,DAYS,72,DAYS,0,2024-07-07 16:01:53.736 +0300,,true,,,,,
1358,125,2,1231,ALL,NESTED,ALL,ALL,0,10,DAYS,72,DAYS,0,2024-07-07 16:01:53.736 +0300,,true,,,,,
1359,125,2,1237,ALL,NESTED,ALL,ALL,0,10,DAYS,72,DAYS,0,2024-07-07 16:01:53.736 +0300,,true,,,,,
1360,125,2,1239,ALL,NESTED,ALL,ALL,0,10,DAYS,72,DAYS,0,2024-07-07 16:01:53.736 +0300,,true,,,,,
1361,125,2,1241,ALL,NESTED,ALL,ALL,0,10,DAYS,72,DAYS,0,2024-07-07 16:01:53.736 +0300,,true,,,,,
1362,125,2,1243,ALL,NESTED,ALL,ALL,0,10,DAYS,72,DAYS,0,2024-07-07 16:01:53.736 +0300,,true,,,,,
1363,125,2,1245,ALL,NESTED,ALL,ALL,0,10,DAYS,72,DAYS,0,2024-07-07 16:01:53.736 +0300,,true,,,,,
1364,125,2,1252,ALL,NESTED,ALL,ALL,0,10,DAYS,72,DAYS,0,2024-07-07 16:01:53.736 +0300,,true,,,,,
1365,125,2,1254,ALL,NESTED,ALL,ALL,0,10,DAYS,72,DAYS,0,2024-07-07 16:01:53.736 +0300,,true,,,,,
1366,125,2,1256,ALL,NESTED,ALL,ALL,0,10,DAYS,72,DAYS,0,2024-07-07 16:01:53.736 +0300,,true,,,,,
1367,125,2,1258,ALL,NESTED,ALL,ALL,0,10,DAYS,72,DAYS,0,2024-07-07 16:01:53.736 +0300,,true,,,,,
1368,125,2,1277,ALL,NESTED,ALL,ALL,0,10,DAYS,72,DAYS,0,2024-07-07 16:01:53.736 +0300,,true,,,,,
1369,125,2,1279,ALL,NESTED,ALL,ALL,0,10,DAYS,72,DAYS,0,2024-07-07 16:01:53.736 +0300,,true,,,,,
1370,125,2,1285,ALL,NESTED,ALL,ALL,0,10,DAYS,72,DAYS,0,2024-07-07 16:01:53.736 +0300,,true,,,,,
1371,125,2,1287,ALL,NESTED,ALL,ALL,0,10,DAYS,72,DAYS,0,2024-07-07 16:01:53.736 +0300,,true,,,,,
1372,125,2,1294,ALL,NESTED,ALL,ALL,0,10,DAYS,72,DAYS,0,2024-07-07 16:01:53.736 +0300,,true,,,,,
1373,125,2,1296,ALL,NESTED,ALL,ALL,0,10,DAYS,72,DAYS,0,2024-07-07 16:01:53.736 +0300,,true,,,,,
1374,125,2,1298,ALL,NESTED,ALL,ALL,0,10,DAYS,72,DAYS,0,2024-07-07 16:01:53.736 +0300,,true,,,,,
1375,125,2,1300,ALL,NESTED,ALL,ALL,0,10,DAYS,72,DAYS,0,2024-07-07 16:01:53.736 +0300,,true,,,,,
1376,125,2,1302,ALL,NESTED,ALL,ALL,0,10,DAYS,72,DAYS,0,2024-07-07 16:01:53.736 +0300,,true,,,,,
1377,125,2,1304,ALL,NESTED,ALL,ALL,0,10,DAYS,72,DAYS,0,2024-07-07 16:01:53.736 +0300,,true,,,,,
1378,125,2,1311,ALL,NESTED,ALL,ALL,0,10,DAYS,72,DAYS,0,2024-07-07 16:01:53.736 +0300,,true,,,,,
1379,125,2,1313,ALL,NESTED,ALL,ALL,0,10,DAYS,72,DAYS,0,2024-07-07 16:01:53.736 +0300,,true,,,,,
1380,125,2,1315,ALL,NESTED,ALL,ALL,0,10,DAYS,72,DAYS,0,2024-07-07 16:01:53.736 +0300,,true,,,,,
1381,125,2,1317,ALL,NESTED,ALL,ALL,0,10,DAYS,72,DAYS,0,2024-07-07 16:01:53.736 +0300,,true,,,,,
1382,125,2,1329,ALL,NESTED,ALL,ALL,0,10,DAYS,72,DAYS,0,2024-07-07 16:01:53.736 +0300,,true,,,,,
1383,125,2,1335,ALL,NESTED,ALL,ALL,0,10,DAYS,72,DAYS,0,2024-07-07 16:01:53.736 +0300,,true,,,,,
1384,125,2,1337,ALL,NESTED,ALL,ALL,0,10,DAYS,72,DAYS,0,2024-07-07 16:01:53.736 +0300,,true,,,,,
1385,125,2,1339,ALL,NESTED,ALL,ALL,0,10,DAYS,72,DAYS,0,2024-07-07 16:01:53.736 +0300,,true,,,,,
1386,125,2,1341,ALL,NESTED,ALL,ALL,0,10,DAYS,72,DAYS,0,2024-07-07 16:01:53.736 +0300,,true,,,,,
1387,125,2,1348,ALL,NESTED,ALL,ALL,0,10,DAYS,72,DAYS,0,2024-07-07 16:01:53.736 +0300,,true,,,,,
1388,125,2,1350,ALL,NESTED,ALL,ALL,0,10,DAYS,72,DAYS,0,2024-07-07 16:01:53.736 +0300,,true,,,,,
1389,125,2,1352,ALL,NESTED,ALL,ALL,0,10,DAYS,72,DAYS,0,2024-07-07 16:01:53.736 +0300,,true,,,,,
1390,125,2,1354,ALL,NESTED,ALL,ALL,0,10,DAYS,72,DAYS,0,2024-07-07 16:01:53.736 +0300,,true,,,,,
1391,125,2,1366,ALL,NESTED,ALL,ALL,0,10,DAYS,72,DAYS,0,2024-07-07 16:01:53.736 +0300,,true,,,,,
1392,125,2,1372,ALL,NESTED,ALL,ALL,0,10,DAYS,72,DAYS,0,2024-07-07 16:01:53.736 +0300,,true,,,,,
1393,125,2,1374,ALL,NESTED,ALL,ALL,0,10,DAYS,72,DAYS,0,2024-07-07 16:01:53.736 +0300,,true,,,,,
1394,125,2,1386,ALL,NESTED,ALL,ALL,0,10,DAYS,72,DAYS,0,2024-07-07 16:01:53.736 +0300,,true,,,,,
1395,125,2,1392,ALL,NESTED,ALL,ALL,0,10,DAYS,72,DAYS,0,2024-07-07 16:01:53.736 +0300,,true,,,,,
1396,126,2,1128,ALL,NESTED,ALL,ALL,0,10,DAYS,72,DAYS,0,2024-07-07 16:01:53.736 +0300,,true,,,,,
1397,126,2,1130,ALL,NESTED,ALL,ALL,0,10,DAYS,72,DAYS,0,2024-07-07 16:01:53.736 +0300,,true,,,,,
1398,126,2,1132,ALL,NESTED,ALL,ALL,0,10,DAYS,72,DAYS,0,2024-07-07 16:01:53.736 +0300,,true,,,,,
1399,126,2,1150,ALL,NESTED,ALL,ALL,0,10,DAYS,72,DAYS,0,2024-07-07 16:01:53.736 +0300,,true,,,,,
1400,126,2,1152,ALL,NESTED,ALL,ALL,0,10,DAYS,72,DAYS,0,2024-07-07 16:01:53.736 +0300,,true,,,,,
1401,126,2,1154,ALL,NESTED,ALL,ALL,0,10,DAYS,72,DAYS,0,2024-07-07 16:01:53.736 +0300,,true,,,,,
1402,126,2,1156,ALL,NESTED,ALL,ALL,0,10,DAYS,72,DAYS,0,2024-07-07 16:01:53.736 +0300,,true,,,,,
1403,126,2,1158,ALL,NESTED,ALL,ALL,0,10,DAYS,72,DAYS,0,2024-07-07 16:01:53.736 +0300,,true,,,,,
1404,126,2,1165,ALL,NESTED,ALL,ALL,0,10,DAYS,72,DAYS,0,2024-07-07 16:01:53.736 +0300,,true,,,,,
1405,126,2,1167,ALL,NESTED,ALL,ALL,0,10,DAYS,72,DAYS,0,2024-07-07 16:01:53.736 +0300,,true,,,,,
1406,126,2,1169,ALL,NESTED,ALL,ALL,0,10,DAYS,72,DAYS,0,2024-07-07 16:01:53.736 +0300,,true,,,,,
1407,126,2,1171,ALL,NESTED,ALL,ALL,0,10,DAYS,72,DAYS,0,2024-07-07 16:01:53.736 +0300,,true,,,,,
1408,126,2,1177,ALL,NESTED,ALL,ALL,0,10,DAYS,72,DAYS,0,2024-07-07 16:01:53.736 +0300,,true,,,,,
1409,126,2,1180,ALL,NESTED,ALL,ALL,0,10,DAYS,72,DAYS,0,2024-07-07 16:01:53.736 +0300,,true,,,,,
1410,126,2,1182,ALL,NESTED,ALL,ALL,0,10,DAYS,72,DAYS,0,2024-07-07 16:01:53.736 +0300,,true,,,,,
1411,126,2,1200,ALL,NESTED,ALL,ALL,0,10,DAYS,72,DAYS,0,2024-07-07 16:01:53.736 +0300,,true,,,,,
1412,126,2,1212,ALL,NESTED,ALL,ALL,0,10,DAYS,72,DAYS,0,2024-07-07 16:01:53.736 +0300,,true,,,,,
1413,126,2,1219,ALL,NESTED,ALL,ALL,0,10,DAYS,72,DAYS,0,2024-07-07 16:01:53.736 +0300,,true,,,,,
1414,126,2,1221,ALL,NESTED,ALL,ALL,0,10,DAYS,72,DAYS,0,2024-07-07 16:01:53.736 +0300,,true,,,,,
1415,126,2,1223,ALL,NESTED,ALL,ALL,0,10,DAYS,72,DAYS,0,2024-07-07 16:01:53.736 +0300,,true,,,,,
1416,126,2,1225,ALL,NESTED,ALL,ALL,0,10,DAYS,72,DAYS,0,2024-07-07 16:01:53.736 +0300,,true,,,,,
1417,126,2,1238,ALL,NESTED,ALL,ALL,0,10,DAYS,72,DAYS,0,2024-07-07 16:01:53.736 +0300,,true,,,,,
1418,126,2,1240,ALL,NESTED,ALL,ALL,0,10,DAYS,72,DAYS,0,2024-07-07 16:01:53.736 +0300,,true,,,,,
1419,126,2,1242,ALL,NESTED,ALL,ALL,0,10,DAYS,72,DAYS,0,2024-07-07 16:01:53.736 +0300,,true,,,,,
1420,126,2,1244,ALL,NESTED,ALL,ALL,0,10,DAYS,72,DAYS,0,2024-07-07 16:01:53.736 +0300,,true,,,,,
1421,126,2,1246,ALL,NESTED,ALL,ALL,0,10,DAYS,72,DAYS,0,2024-07-07 16:01:53.736 +0300,,true,,,,,
1422,126,2,1253,ALL,NESTED,ALL,ALL,0,10,DAYS,72,DAYS,0,2024-07-07 16:01:53.736 +0300,,true,,,,,
1423,126,2,1255,ALL,NESTED,ALL,ALL,0,10,DAYS,72,DAYS,0,2024-07-07 16:01:53.736 +0300,,true,,,,,
1424,126,2,1257,ALL,NESTED,ALL,ALL,0,10,DAYS,72,DAYS,0,2024-07-07 16:01:53.736 +0300,,true,,,,,
1425,126,2,1259,ALL,NESTED,ALL,ALL,0,10,DAYS,72,DAYS,0,2024-07-07 16:01:53.736 +0300,,true,,,,,
1426,126,2,1268,ALL,NESTED,ALL,ALL,0,10,DAYS,72,DAYS,0,2024-07-07 16:01:53.736 +0300,,true,,,,,
1427,126,2,1274,ALL,NESTED,ALL,ALL,0,10,DAYS,72,DAYS,0,2024-07-07 16:01:53.736 +0300,,true,,,,,
1428,126,2,1276,ALL,NESTED,ALL,ALL,0,10,DAYS,72,DAYS,0,2024-07-07 16:01:53.736 +0300,,true,,,,,
1429,126,2,1278,ALL,NESTED,ALL,ALL,0,10,DAYS,72,DAYS,0,2024-07-07 16:01:53.736 +0300,,true,,,,,
1430,126,2,1280,ALL,NESTED,ALL,ALL,0,10,DAYS,72,DAYS,0,2024-07-07 16:01:53.736 +0300,,true,,,,,
1431,126,2,1281,ALL,NESTED,ALL,ALL,0,10,DAYS,72,DAYS,0,2024-07-07 16:01:53.736 +0300,,true,,,,,
1432,126,2,1282,ALL,NESTED,ALL,ALL,0,10,DAYS,72,DAYS,0,2024-07-07 16:01:53.736 +0300,,true,,,,,
1433,126,2,1283,ALL,NESTED,ALL,ALL,0,10,DAYS,72,DAYS,0,2024-07-07 16:01:53.736 +0300,,true,,,,,
1434,126,2,1284,ALL,NESTED,ALL,ALL,0,10,DAYS,72,DAYS,0,2024-07-07 16:01:53.736 +0300,,true,,,,,
1435,126,2,1286,ALL,NESTED,ALL,ALL,0,10,DAYS,72,DAYS,0,2024-07-07 16:01:53.736 +0300,,true,,,,,
1436,126,2,1288,ALL,NESTED,ALL,ALL,0,10,DAYS,72,DAYS,0,2024-07-07 16:01:53.736 +0300,,true,,,,,
1437,126,2,1297,ALL,NESTED,ALL,ALL,0,10,DAYS,72,DAYS,0,2024-07-07 16:01:53.736 +0300,,true,,,,,
1438,126,2,1299,ALL,NESTED,ALL,ALL,0,10,DAYS,72,DAYS,0,2024-07-07 16:01:53.736 +0300,,true,,,,,
1439,126,2,1301,ALL,NESTED,ALL,ALL,0,10,DAYS,72,DAYS,0,2024-07-07 16:01:53.736 +0300,,true,,,,,
1440,126,2,1303,ALL,NESTED,ALL,ALL,0,10,DAYS,72,DAYS,0,2024-07-07 16:01:53.736 +0300,,true,,,,,
1441,126,2,1305,ALL,NESTED,ALL,ALL,0,10,DAYS,72,DAYS,0,2024-07-07 16:01:53.736 +0300,,true,,,,,
1442,126,2,1312,ALL,NESTED,ALL,ALL,0,10,DAYS,72,DAYS,0,2024-07-07 16:01:53.736 +0300,,true,,,,,
1443,126,2,1314,ALL,NESTED,ALL,ALL,0,10,DAYS,72,DAYS,0,2024-07-07 16:01:53.736 +0300,,true,,,,,
1444,126,2,1316,ALL,NESTED,ALL,ALL,0,10,DAYS,72,DAYS,0,2024-07-07 16:01:53.736 +0300,,true,,,,,
1445,126,2,1318,ALL,NESTED,ALL,ALL,0,10,DAYS,72,DAYS,0,2024-07-07 16:01:53.736 +0300,,true,,,,,
1446,126,2,1336,ALL,NESTED,ALL,ALL,0,10,DAYS,72,DAYS,0,2024-07-07 16:01:53.736 +0300,,true,,,,,
1447,126,2,1338,ALL,NESTED,ALL,ALL,0,10,DAYS,72,DAYS,0,2024-07-07 16:01:53.736 +0300,,true,,,,,
1448,126,2,1340,ALL,NESTED,ALL,ALL,0,10,DAYS,72,DAYS,0,2024-07-07 16:01:53.736 +0300,,true,,,,,
1449,126,2,1342,ALL,NESTED,ALL,ALL,0,10,DAYS,72,DAYS,0,2024-07-07 16:01:53.736 +0300,,true,,,,,
1450,126,2,1349,ALL,NESTED,ALL,ALL,0,10,DAYS,72,DAYS,0,2024-07-07 16:01:53.736 +0300,,true,,,,,
1451,126,2,1351,ALL,NESTED,ALL,ALL,0,10,DAYS,72,DAYS,0,2024-07-07 16:01:53.736 +0300,,true,,,,,
1452,126,2,1353,ALL,NESTED,ALL,ALL,0,10,DAYS,72,DAYS,0,2024-07-07 16:01:53.736 +0300,,true,,,,,
1453,126,2,1355,ALL,NESTED,ALL,ALL,0,10,DAYS,72,DAYS,0,2024-07-07 16:01:53.736 +0300,,true,,,,,
1454,126,2,1373,ALL,NESTED,ALL,ALL,0,10,DAYS,72,DAYS,0,2024-07-07 16:01:53.736 +0300,,true,,,,,
1455,126,2,1375,ALL,NESTED,ALL,ALL,0,10,DAYS,72,DAYS,0,2024-07-07 16:01:53.736 +0300,,true,,,,,
1456,126,2,1393,ALL,NESTED,ALL,ALL,0,10,DAYS,72,DAYS,0,2024-07-07 16:01:53.736 +0300,,true,,,,,
1457,127,2,1142,ALL,NESTED,ALL,ALL,0,10,DAYS,72,DAYS,0,2024-07-07 16:01:53.736 +0300,,true,,,,,
1458,127,2,1192,ALL,NESTED,ALL,ALL,0,10,DAYS,72,DAYS,0,2024-07-07 16:01:53.736 +0300,,true,,,,,
1459,127,2,1205,ALL,NESTED,ALL,ALL,0,10,DAYS,72,DAYS,0,2024-07-07 16:01:53.736 +0300,,true,,,,,
1460,127,2,1230,ALL,NESTED,ALL,ALL,0,10,DAYS,72,DAYS,0,2024-07-07 16:01:53.736 +0300,,true,,,,,
1461,127,2,1293,ALL,NESTED,ALL,ALL,0,10,DAYS,72,DAYS,0,2024-07-07 16:01:53.736 +0300,,true,,,,,
1462,127,2,1328,ALL,NESTED,ALL,ALL,0,10,DAYS,72,DAYS,0,2024-07-07 16:01:53.736 +0300,,true,,,,,
1463,127,2,1365,ALL,NESTED,ALL,ALL,0,10,DAYS,72,DAYS,0,2024-07-07 16:01:53.736 +0300,,true,,,,,
1464,127,2,1385,ALL,NESTED,ALL,ALL,0,10,DAYS,72,DAYS,0,2024-07-07 16:01:53.736 +0300,,true,,,,,
1465,127,2,1605,ALL,NESTED,ALL,ALL,0,10,DAYS,72,DAYS,0,2024-07-07 16:01:53.736 +0300,,true,,,,,
1466,128,2,1127,ALL,NESTED,ALL,ALL,0,10,DAYS,72,DAYS,0,2024-07-07 16:01:53.736 +0300,,true,,,,,
1467,128,2,1129,ALL,NESTED,ALL,ALL,0,10,DAYS,72,DAYS,0,2024-07-07 16:01:53.736 +0300,,true,,,,,
1468,128,2,1131,ALL,NESTED,ALL,ALL,0,10,DAYS,72,DAYS,0,2024-07-07 16:01:53.736 +0300,,true,,,,,
1469,128,2,1143,ALL,NESTED,ALL,ALL,0,10,DAYS,72,DAYS,0,2024-07-07 16:01:53.736 +0300,,true,,,,,
1470,128,2,1149,ALL,NESTED,ALL,ALL,0,10,DAYS,72,DAYS,0,2024-07-07 16:01:53.736 +0300,,true,,,,,
1471,128,2,1151,ALL,NESTED,ALL,ALL,0,10,DAYS,72,DAYS,0,2024-07-07 16:01:53.736 +0300,,true,,,,,
1472,128,2,1153,ALL,NESTED,ALL,ALL,0,10,DAYS,72,DAYS,0,2024-07-07 16:01:53.736 +0300,,true,,,,,
1473,128,2,1155,ALL,NESTED,ALL,ALL,0,10,DAYS,72,DAYS,0,2024-07-07 16:01:53.736 +0300,,true,,,,,
1474,128,2,1157,ALL,NESTED,ALL,ALL,0,10,DAYS,72,DAYS,0,2024-07-07 16:01:53.736 +0300,,true,,,,,
1475,128,2,1164,ALL,NESTED,ALL,ALL,0,10,DAYS,72,DAYS,0,2024-07-07 16:01:53.736 +0300,,true,,,,,
1476,128,2,1166,ALL,NESTED,ALL,ALL,0,10,DAYS,72,DAYS,0,2024-07-07 16:01:53.736 +0300,,true,,,,,
1477,128,2,1168,ALL,NESTED,ALL,ALL,0,10,DAYS,72,DAYS,0,2024-07-07 16:01:53.736 +0300,,true,,,,,
1478,128,2,1170,ALL,NESTED,ALL,ALL,0,10,DAYS,72,DAYS,0,2024-07-07 16:01:53.736 +0300,,true,,,,,
1479,128,2,1176,ALL,NESTED,ALL,ALL,0,10,DAYS,72,DAYS,0,2024-07-07 16:01:53.736 +0300,,true,,,,,
1480,128,2,1179,ALL,NESTED,ALL,ALL,0,10,DAYS,72,DAYS,0,2024-07-07 16:01:53.736 +0300,,true,,,,,
1481,128,2,1181,ALL,NESTED,ALL,ALL,0,10,DAYS,72,DAYS,0,2024-07-07 16:01:53.736 +0300,,true,,,,,
1482,128,2,1193,ALL,NESTED,ALL,ALL,0,10,DAYS,72,DAYS,0,2024-07-07 16:01:53.736 +0300,,true,,,,,
1483,128,2,1199,ALL,NESTED,ALL,ALL,0,10,DAYS,72,DAYS,0,2024-07-07 16:01:53.736 +0300,,true,,,,,
1484,128,2,1211,ALL,NESTED,ALL,ALL,0,10,DAYS,72,DAYS,0,2024-07-07 16:01:53.736 +0300,,true,,,,,
1485,128,2,1220,ALL,NESTED,ALL,ALL,0,10,DAYS,72,DAYS,0,2024-07-07 16:01:53.736 +0300,,true,,,,,
1486,128,2,1222,ALL,NESTED,ALL,ALL,0,10,DAYS,72,DAYS,0,2024-07-07 16:01:53.736 +0300,,true,,,,,
1487,128,2,1224,ALL,NESTED,ALL,ALL,0,10,DAYS,72,DAYS,0,2024-07-07 16:01:53.736 +0300,,true,,,,,
1488,128,2,1231,ALL,NESTED,ALL,ALL,0,10,DAYS,72,DAYS,0,2024-07-07 16:01:53.736 +0300,,true,,,,,
1489,128,2,1237,ALL,NESTED,ALL,ALL,0,10,DAYS,72,DAYS,0,2024-07-07 16:01:53.736 +0300,,true,,,,,
1490,128,2,1239,ALL,NESTED,ALL,ALL,0,10,DAYS,72,DAYS,0,2024-07-07 16:01:53.736 +0300,,true,,,,,
1491,128,2,1241,ALL,NESTED,ALL,ALL,0,10,DAYS,72,DAYS,0,2024-07-07 16:01:53.736 +0300,,true,,,,,
1492,128,2,1243,ALL,NESTED,ALL,ALL,0,10,DAYS,72,DAYS,0,2024-07-07 16:01:53.736 +0300,,true,,,,,
1493,128,2,1245,ALL,NESTED,ALL,ALL,0,10,DAYS,72,DAYS,0,2024-07-07 16:01:53.736 +0300,,true,,,,,
1494,128,2,1252,ALL,NESTED,ALL,ALL,0,10,DAYS,72,DAYS,0,2024-07-07 16:01:53.736 +0300,,true,,,,,
1495,128,2,1254,ALL,NESTED,ALL,ALL,0,10,DAYS,72,DAYS,0,2024-07-07 16:01:53.736 +0300,,true,,,,,
1496,128,2,1256,ALL,NESTED,ALL,ALL,0,10,DAYS,72,DAYS,0,2024-07-07 16:01:53.736 +0300,,true,,,,,
1497,128,2,1258,ALL,NESTED,ALL,ALL,0,10,DAYS,72,DAYS,0,2024-07-07 16:01:53.736 +0300,,true,,,,,
1498,128,2,1277,ALL,NESTED,ALL,ALL,0,10,DAYS,72,DAYS,0,2024-07-07 16:01:53.736 +0300,,true,,,,,
1499,128,2,1279,ALL,NESTED,ALL,ALL,0,10,DAYS,72,DAYS,0,2024-07-07 16:01:53.736 +0300,,true,,,,,
1500,128,2,1285,ALL,NESTED,ALL,ALL,0,10,DAYS,72,DAYS,0,2024-07-07 16:01:53.736 +0300,,true,,,,,
1501,128,2,1287,ALL,NESTED,ALL,ALL,0,10,DAYS,72,DAYS,0,2024-07-07 16:01:53.736 +0300,,true,,,,,
1502,128,2,1294,ALL,NESTED,ALL,ALL,0,10,DAYS,72,DAYS,0,2024-07-07 16:01:53.736 +0300,,true,,,,,
1503,128,2,1296,ALL,NESTED,ALL,ALL,0,10,DAYS,72,DAYS,0,2024-07-07 16:01:53.736 +0300,,true,,,,,
1504,128,2,1298,ALL,NESTED,ALL,ALL,0,10,DAYS,72,DAYS,0,2024-07-07 16:01:53.736 +0300,,true,,,,,
1505,128,2,1300,ALL,NESTED,ALL,ALL,0,10,DAYS,72,DAYS,0,2024-07-07 16:01:53.736 +0300,,true,,,,,
1506,128,2,1302,ALL,NESTED,ALL,ALL,0,10,DAYS,72,DAYS,0,2024-07-07 16:01:53.736 +0300,,true,,,,,
1507,128,2,1304,ALL,NESTED,ALL,ALL,0,10,DAYS,72,DAYS,0,2024-07-07 16:01:53.736 +0300,,true,,,,,
1508,128,2,1311,ALL,NESTED,ALL,ALL,0,10,DAYS,72,DAYS,0,2024-07-07 16:01:53.736 +0300,,true,,,,,
1509,128,2,1313,ALL,NESTED,ALL,ALL,0,10,DAYS,72,DAYS,0,2024-07-07 16:01:53.736 +0300,,true,,,,,
1510,128,2,1315,ALL,NESTED,ALL,ALL,0,10,DAYS,72,DAYS,0,2024-07-07 16:01:53.736 +0300,,true,,,,,
1511,128,2,1317,ALL,NESTED,ALL,ALL,0,10,DAYS,72,DAYS,0,2024-07-07 16:01:53.736 +0300,,true,,,,,
1512,128,2,1329,ALL,NESTED,ALL,ALL,0,10,DAYS,72,DAYS,0,2024-07-07 16:01:53.736 +0300,,true,,,,,
1513,128,2,1335,ALL,NESTED,ALL,ALL,0,10,DAYS,72,DAYS,0,2024-07-07 16:01:53.736 +0300,,true,,,,,
1514,128,2,1337,ALL,NESTED,ALL,ALL,0,10,DAYS,72,DAYS,0,2024-07-07 16:01:53.736 +0300,,true,,,,,
1515,128,2,1339,ALL,NESTED,ALL,ALL,0,10,DAYS,72,DAYS,0,2024-07-07 16:01:53.736 +0300,,true,,,,,
1516,128,2,1341,ALL,NESTED,ALL,ALL,0,10,DAYS,72,DAYS,0,2024-07-07 16:01:53.736 +0300,,true,,,,,
1517,128,2,1348,ALL,NESTED,ALL,ALL,0,10,DAYS,72,DAYS,0,2024-07-07 16:01:53.736 +0300,,true,,,,,
1518,128,2,1350,ALL,NESTED,ALL,ALL,0,10,DAYS,72,DAYS,0,2024-07-07 16:01:53.736 +0300,,true,,,,,
1519,128,2,1352,ALL,NESTED,ALL,ALL,0,10,DAYS,72,DAYS,0,2024-07-07 16:01:53.736 +0300,,true,,,,,
1520,128,2,1354,ALL,NESTED,ALL,ALL,0,10,DAYS,72,DAYS,0,2024-07-07 16:01:53.736 +0300,,true,,,,,
1521,128,2,1366,ALL,NESTED,ALL,ALL,0,10,DAYS,72,DAYS,0,2024-07-07 16:01:53.736 +0300,,true,,,,,
1522,128,2,1372,ALL,NESTED,ALL,ALL,0,10,DAYS,72,DAYS,0,2024-07-07 16:01:53.736 +0300,,true,,,,,
1523,128,2,1374,ALL,NESTED,ALL,ALL,0,10,DAYS,72,DAYS,0,2024-07-07 16:01:53.736 +0300,,true,,,,,
1524,128,2,1386,ALL,NESTED,ALL,ALL,0,10,DAYS,72,DAYS,0,2024-07-07 16:01:53.736 +0300,,true,,,,,
1525,128,2,1392,ALL,NESTED,ALL,ALL,0,10,DAYS,72,DAYS,0,2024-07-07 16:01:53.736 +0300,,true,,,,,
1526,128,2,1606,ALL,NESTED,ALL,ALL,0,10,DAYS,72,DAYS,0,2024-07-07 16:01:53.736 +0300,,true,,,,,
1527,128,2,1638,ALL,NESTED,ALL,ALL,0,10,DAYS,72,DAYS,0,2024-07-07 16:01:53.736 +0300,,true,,,,,
1528,128,2,1639,ALL,NESTED,ALL,ALL,0,10,DAYS,72,DAYS,0,2024-07-07 16:01:53.736 +0300,,true,,,,,
1529,129,2,1128,ALL,NESTED,ALL,ALL,0,10,DAYS,72,DAYS,0,2024-07-07 16:01:53.736 +0300,,true,,,,,
1530,129,2,1130,ALL,NESTED,ALL,ALL,0,10,DAYS,72,DAYS,0,2024-07-07 16:01:53.736 +0300,,true,,,,,
1531,129,2,1132,ALL,NESTED,ALL,ALL,0,10,DAYS,72,DAYS,0,2024-07-07 16:01:53.736 +0300,,true,,,,,
1532,129,2,1150,ALL,NESTED,ALL,ALL,0,10,DAYS,72,DAYS,0,2024-07-07 16:01:53.736 +0300,,true,,,,,
1533,129,2,1152,ALL,NESTED,ALL,ALL,0,10,DAYS,72,DAYS,0,2024-07-07 16:01:53.736 +0300,,true,,,,,
1534,129,2,1154,ALL,NESTED,ALL,ALL,0,10,DAYS,72,DAYS,0,2024-07-07 16:01:53.736 +0300,,true,,,,,
1535,129,2,1156,ALL,NESTED,ALL,ALL,0,10,DAYS,72,DAYS,0,2024-07-07 16:01:53.736 +0300,,true,,,,,
1536,129,2,1158,ALL,NESTED,ALL,ALL,0,10,DAYS,72,DAYS,0,2024-07-07 16:01:53.736 +0300,,true,,,,,
1537,129,2,1165,ALL,NESTED,ALL,ALL,0,10,DAYS,72,DAYS,0,2024-07-07 16:01:53.736 +0300,,true,,,,,
1538,129,2,1167,ALL,NESTED,ALL,ALL,0,10,DAYS,72,DAYS,0,2024-07-07 16:01:53.736 +0300,,true,,,,,
1539,129,2,1169,ALL,NESTED,ALL,ALL,0,10,DAYS,72,DAYS,0,2024-07-07 16:01:53.736 +0300,,true,,,,,
1540,129,2,1171,ALL,NESTED,ALL,ALL,0,10,DAYS,72,DAYS,0,2024-07-07 16:01:53.736 +0300,,true,,,,,
1541,129,2,1177,ALL,NESTED,ALL,ALL,0,10,DAYS,72,DAYS,0,2024-07-07 16:01:53.736 +0300,,true,,,,,
1542,129,2,1180,ALL,NESTED,ALL,ALL,0,10,DAYS,72,DAYS,0,2024-07-07 16:01:53.736 +0300,,true,,,,,
1543,129,2,1182,ALL,NESTED,ALL,ALL,0,10,DAYS,72,DAYS,0,2024-07-07 16:01:53.736 +0300,,true,,,,,
1544,129,2,1200,ALL,NESTED,ALL,ALL,0,10,DAYS,72,DAYS,0,2024-07-07 16:01:53.736 +0300,,true,,,,,
1545,129,2,1212,ALL,NESTED,ALL,ALL,0,10,DAYS,72,DAYS,0,2024-07-07 16:01:53.736 +0300,,true,,,,,
1546,129,2,1221,ALL,NESTED,ALL,ALL,0,10,DAYS,72,DAYS,0,2024-07-07 16:01:53.736 +0300,,true,,,,,
1547,129,2,1223,ALL,NESTED,ALL,ALL,0,10,DAYS,72,DAYS,0,2024-07-07 16:01:53.736 +0300,,true,,,,,
1548,129,2,1225,ALL,NESTED,ALL,ALL,0,10,DAYS,72,DAYS,0,2024-07-07 16:01:53.736 +0300,,true,,,,,
1549,129,2,1238,ALL,NESTED,ALL,ALL,0,10,DAYS,72,DAYS,0,2024-07-07 16:01:53.736 +0300,,true,,,,,
1550,129,2,1240,ALL,NESTED,ALL,ALL,0,10,DAYS,72,DAYS,0,2024-07-07 16:01:53.736 +0300,,true,,,,,
1551,129,2,1242,ALL,NESTED,ALL,ALL,0,10,DAYS,72,DAYS,0,2024-07-07 16:01:53.736 +0300,,true,,,,,
1552,129,2,1244,ALL,NESTED,ALL,ALL,0,10,DAYS,72,DAYS,0,2024-07-07 16:01:53.736 +0300,,true,,,,,
1553,129,2,1246,ALL,NESTED,ALL,ALL,0,10,DAYS,72,DAYS,0,2024-07-07 16:01:53.736 +0300,,true,,,,,
1554,129,2,1253,ALL,NESTED,ALL,ALL,0,10,DAYS,72,DAYS,0,2024-07-07 16:01:53.736 +0300,,true,,,,,
1555,129,2,1255,ALL,NESTED,ALL,ALL,0,10,DAYS,72,DAYS,0,2024-07-07 16:01:53.736 +0300,,true,,,,,
1556,129,2,1257,ALL,NESTED,ALL,ALL,0,10,DAYS,72,DAYS,0,2024-07-07 16:01:53.736 +0300,,true,,,,,
1557,129,2,1259,ALL,NESTED,ALL,ALL,0,10,DAYS,72,DAYS,0,2024-07-07 16:01:53.736 +0300,,true,,,,,
1558,129,2,1278,ALL,NESTED,ALL,ALL,0,10,DAYS,72,DAYS,0,2024-07-07 16:01:53.736 +0300,,true,,,,,
1559,129,2,1280,ALL,NESTED,ALL,ALL,0,10,DAYS,72,DAYS,0,2024-07-07 16:01:53.736 +0300,,true,,,,,
1560,129,2,1281,ALL,NESTED,ALL,ALL,0,10,DAYS,72,DAYS,0,2024-07-07 16:01:53.736 +0300,,true,,,,,
1561,129,2,1282,ALL,NESTED,ALL,ALL,0,10,DAYS,72,DAYS,0,2024-07-07 16:01:53.736 +0300,,true,,,,,
1562,129,2,1283,ALL,NESTED,ALL,ALL,0,10,DAYS,72,DAYS,0,2024-07-07 16:01:53.736 +0300,,true,,,,,
1563,129,2,1284,ALL,NESTED,ALL,ALL,0,10,DAYS,72,DAYS,0,2024-07-07 16:01:53.736 +0300,,true,,,,,
1564,129,2,1286,ALL,NESTED,ALL,ALL,0,10,DAYS,72,DAYS,0,2024-07-07 16:01:53.736 +0300,,true,,,,,
1565,129,2,1288,ALL,NESTED,ALL,ALL,0,10,DAYS,72,DAYS,0,2024-07-07 16:01:53.736 +0300,,true,,,,,
1566,129,2,1297,ALL,NESTED,ALL,ALL,0,10,DAYS,72,DAYS,0,2024-07-07 16:01:53.736 +0300,,true,,,,,
1567,129,2,1299,ALL,NESTED,ALL,ALL,0,10,DAYS,72,DAYS,0,2024-07-07 16:01:53.736 +0300,,true,,,,,
1568,129,2,1301,ALL,NESTED,ALL,ALL,0,10,DAYS,72,DAYS,0,2024-07-07 16:01:53.736 +0300,,true,,,,,
1569,129,2,1303,ALL,NESTED,ALL,ALL,0,10,DAYS,72,DAYS,0,2024-07-07 16:01:53.736 +0300,,true,,,,,
1570,129,2,1305,ALL,NESTED,ALL,ALL,0,10,DAYS,72,DAYS,0,2024-07-07 16:01:53.736 +0300,,true,,,,,
1571,129,2,1312,ALL,NESTED,ALL,ALL,0,10,DAYS,72,DAYS,0,2024-07-07 16:01:53.736 +0300,,true,,,,,
1572,129,2,1314,ALL,NESTED,ALL,ALL,0,10,DAYS,72,DAYS,0,2024-07-07 16:01:53.736 +0300,,true,,,,,
1573,129,2,1316,ALL,NESTED,ALL,ALL,0,10,DAYS,72,DAYS,0,2024-07-07 16:01:53.736 +0300,,true,,,,,
1574,129,2,1318,ALL,NESTED,ALL,ALL,0,10,DAYS,72,DAYS,0,2024-07-07 16:01:53.736 +0300,,true,,,,,
1575,129,2,1336,ALL,NESTED,ALL,ALL,0,10,DAYS,72,DAYS,0,2024-07-07 16:01:53.736 +0300,,true,,,,,
1576,129,2,1338,ALL,NESTED,ALL,ALL,0,10,DAYS,72,DAYS,0,2024-07-07 16:01:53.736 +0300,,true,,,,,
1577,129,2,1340,ALL,NESTED,ALL,ALL,0,10,DAYS,72,DAYS,0,2024-07-07 16:01:53.736 +0300,,true,,,,,
1578,129,2,1342,ALL,NESTED,ALL,ALL,0,10,DAYS,72,DAYS,0,2024-07-07 16:01:53.736 +0300,,true,,,,,
1579,129,2,1349,ALL,NESTED,ALL,ALL,0,10,DAYS,72,DAYS,0,2024-07-07 16:01:53.736 +0300,,true,,,,,
1580,129,2,1351,ALL,NESTED,ALL,ALL,0,10,DAYS,72,DAYS,0,2024-07-07 16:01:53.736 +0300,,true,,,,,
1581,129,2,1353,ALL,NESTED,ALL,ALL,0,10,DAYS,72,DAYS,0,2024-07-07 16:01:53.736 +0300,,true,,,,,
1582,129,2,1355,ALL,NESTED,ALL,ALL,0,10,DAYS,72,DAYS,0,2024-07-07 16:01:53.736 +0300,,true,,,,,
1583,129,2,1373,ALL,NESTED,ALL,ALL,0,10,DAYS,72,DAYS,0,2024-07-07 16:01:53.736 +0300,,true,,,,,
1584,129,2,1375,ALL,NESTED,ALL,ALL,0,10,DAYS,72,DAYS,0,2024-07-07 16:01:53.736 +0300,,true,,,,,
1585,129,2,1393,ALL,NESTED,ALL,ALL,0,10,DAYS,72,DAYS,0,2024-07-07 16:01:53.736 +0300,,true,,,,,
1586,129,2,1607,ALL,NESTED,ALL,ALL,0,10,DAYS,72,DAYS,0,2024-07-07 16:01:53.736 +0300,,true,,,,,
1587,130,2,1142,ALL,NESTED,ALL,ALL,0,10,DAYS,72,DAYS,0,2024-07-07 16:01:53.736 +0300,,true,,,,,
1588,130,2,1192,ALL,NESTED,ALL,ALL,0,10,DAYS,72,DAYS,0,2024-07-07 16:01:53.736 +0300,,true,,,,,
1589,130,2,1205,ALL,NESTED,ALL,ALL,0,10,DAYS,72,DAYS,0,2024-07-07 16:01:53.736 +0300,,true,,,,,
1590,130,2,1230,ALL,NESTED,ALL,ALL,0,10,DAYS,72,DAYS,0,2024-07-07 16:01:53.736 +0300,,true,,,,,
1591,130,2,1293,ALL,NESTED,ALL,ALL,0,10,DAYS,72,DAYS,0,2024-07-07 16:01:53.736 +0300,,true,,,,,
1592,130,2,1328,ALL,NESTED,ALL,ALL,0,10,DAYS,72,DAYS,0,2024-07-07 16:01:53.736 +0300,,true,,,,,
1593,130,2,1365,ALL,NESTED,ALL,ALL,0,10,DAYS,72,DAYS,0,2024-07-07 16:01:53.736 +0300,,true,,,,,
1594,130,2,1385,ALL,NESTED,ALL,ALL,0,10,DAYS,72,DAYS,0,2024-07-07 16:01:53.736 +0300,,true,,,,,
1595,130,2,1605,ALL,NESTED,ALL,ALL,0,10,DAYS,72,DAYS,0,2024-07-07 16:01:53.736 +0300,,true,,,,,
1983,158,2,1476,ALL,NESTED,ALL,ALL,0,10,DAYS,720,DAYS,0,2025-06-24 12:36:11.000 +0300,,true,,,,,
1597,131,2,1129,ALL,NESTED,ALL,ALL,0,10,DAYS,365,DAYS,0,2024-07-07 16:01:53.736 +0300,,true,,,,,
1598,131,2,1131,ALL,NESTED,ALL,ALL,0,10,DAYS,365,DAYS,0,2024-07-07 16:01:53.736 +0300,,true,,,,,
1599,131,2,1143,ALL,NESTED,ALL,ALL,0,10,DAYS,365,DAYS,0,2024-07-07 16:01:53.736 +0300,,true,,,,,
1600,131,2,1149,ALL,NESTED,ALL,ALL,0,10,DAYS,365,DAYS,0,2024-07-07 16:01:53.736 +0300,,true,,,,,
1601,131,2,1151,ALL,NESTED,ALL,ALL,0,10,DAYS,365,DAYS,0,2024-07-07 16:01:53.736 +0300,,true,,,,,
1602,131,2,1153,ALL,NESTED,ALL,ALL,0,10,DAYS,365,DAYS,0,2024-07-07 16:01:53.736 +0300,,true,,,,,
1603,131,2,1155,ALL,NESTED,ALL,ALL,0,10,DAYS,365,DAYS,0,2024-07-07 16:01:53.736 +0300,,true,,,,,
1605,131,2,1164,ALL,NESTED,ALL,ALL,0,10,DAYS,365,DAYS,0,2024-07-07 16:01:53.736 +0300,,true,,,,,
1911,141,2,1362,ALL,NESTED,ALL,ALL,0,10,DAYS,720,DAYS,0,2024-07-07 16:01:53.736 +0300,,true,,,,,
2004,158,2,1497,ALL,NESTED,ALL,ALL,0,10,DAYS,720,DAYS,0,2024-07-07 16:01:53.736 +0300,,true,,,,,
1607,131,2,1168,ALL,NESTED,ALL,ALL,0,10,DAYS,365,DAYS,0,2024-07-07 16:01:53.736 +0300,,true,,,,,
1608,131,2,1170,ALL,NESTED,ALL,ALL,0,10,DAYS,365,DAYS,0,2024-07-07 16:01:53.736 +0300,,true,,,,,
1609,131,2,1176,ALL,NESTED,ALL,ALL,0,10,DAYS,365,DAYS,0,2024-07-07 16:01:53.736 +0300,,true,,,,,
1611,131,2,1181,ALL,NESTED,ALL,ALL,0,10,DAYS,365,DAYS,0,2024-07-07 16:01:53.736 +0300,,true,,,,,
1612,131,2,1193,ALL,NESTED,ALL,ALL,0,10,DAYS,365,DAYS,0,2024-07-07 16:01:53.736 +0300,,true,,,,,
1613,131,2,1199,ALL,NESTED,ALL,ALL,0,10,DAYS,365,DAYS,0,2024-07-07 16:01:53.736 +0300,,true,,,,,
1614,131,2,1211,ALL,NESTED,ALL,ALL,0,10,DAYS,365,DAYS,0,2024-07-07 16:01:53.736 +0300,,true,,,,,
1615,131,2,1220,ALL,NESTED,ALL,ALL,0,10,DAYS,365,DAYS,0,2024-07-07 16:01:53.736 +0300,,true,,,,,
1616,131,2,1222,ALL,NESTED,ALL,ALL,0,10,DAYS,365,DAYS,0,2024-07-07 16:01:53.736 +0300,,true,,,,,
1617,131,2,1224,ALL,NESTED,ALL,ALL,0,10,DAYS,365,DAYS,0,2024-07-07 16:01:53.736 +0300,,true,,,,,
1618,131,2,1231,ALL,NESTED,ALL,ALL,0,10,DAYS,365,DAYS,0,2024-07-07 16:01:53.736 +0300,,true,,,,,
1620,131,2,1239,ALL,NESTED,ALL,ALL,0,10,DAYS,365,DAYS,0,2024-07-07 16:01:53.736 +0300,,true,,,,,
1621,131,2,1241,ALL,NESTED,ALL,ALL,0,10,DAYS,365,DAYS,0,2024-07-07 16:01:53.736 +0300,,true,,,,,
1622,131,2,1243,ALL,NESTED,ALL,ALL,0,10,DAYS,365,DAYS,0,2024-07-07 16:01:53.736 +0300,,true,,,,,
1623,131,2,1245,ALL,NESTED,ALL,ALL,0,10,DAYS,365,DAYS,0,2024-07-07 16:01:53.736 +0300,,true,,,,,
1624,131,2,1252,ALL,NESTED,ALL,ALL,0,10,DAYS,365,DAYS,0,2024-07-07 16:01:53.736 +0300,,true,,,,,
1625,131,2,1254,ALL,NESTED,ALL,ALL,0,10,DAYS,365,DAYS,0,2024-07-07 16:01:53.736 +0300,,true,,,,,
1626,131,2,1256,ALL,NESTED,ALL,ALL,0,10,DAYS,365,DAYS,0,2024-07-07 16:01:53.736 +0300,,true,,,,,
1627,131,2,1258,ALL,NESTED,ALL,ALL,0,10,DAYS,365,DAYS,0,2024-07-07 16:01:53.736 +0300,,true,,,,,
1628,131,2,1277,ALL,NESTED,ALL,ALL,0,10,DAYS,365,DAYS,0,2024-07-07 16:01:53.736 +0300,,true,,,,,
1629,131,2,1279,ALL,NESTED,ALL,ALL,0,10,DAYS,365,DAYS,0,2024-07-07 16:01:53.736 +0300,,true,,,,,
1630,131,2,1285,ALL,NESTED,ALL,ALL,0,10,DAYS,365,DAYS,0,2024-07-07 16:01:53.736 +0300,,true,,,,,
1631,131,2,1287,ALL,NESTED,ALL,ALL,0,10,DAYS,365,DAYS,0,2024-07-07 16:01:53.736 +0300,,true,,,,,
1632,131,2,1294,ALL,NESTED,ALL,ALL,0,10,DAYS,365,DAYS,0,2024-07-07 16:01:53.736 +0300,,true,,,,,
1633,131,2,1296,ALL,NESTED,ALL,ALL,0,10,DAYS,365,DAYS,0,2024-07-07 16:01:53.736 +0300,,true,,,,,
1634,131,2,1298,ALL,NESTED,ALL,ALL,0,10,DAYS,365,DAYS,0,2024-07-07 16:01:53.736 +0300,,true,,,,,
1635,131,2,1300,ALL,NESTED,ALL,ALL,0,10,DAYS,365,DAYS,0,2024-07-07 16:01:53.736 +0300,,true,,,,,
1636,131,2,1302,ALL,NESTED,ALL,ALL,0,10,DAYS,365,DAYS,0,2024-07-07 16:01:53.736 +0300,,true,,,,,
1637,131,2,1304,ALL,NESTED,ALL,ALL,0,10,DAYS,365,DAYS,0,2024-07-07 16:01:53.736 +0300,,true,,,,,
1638,131,2,1311,ALL,NESTED,ALL,ALL,0,10,DAYS,365,DAYS,0,2024-07-07 16:01:53.736 +0300,,true,,,,,
1639,131,2,1313,ALL,NESTED,ALL,ALL,0,10,DAYS,365,DAYS,0,2024-07-07 16:01:53.736 +0300,,true,,,,,
1640,131,2,1315,ALL,NESTED,ALL,ALL,0,10,DAYS,365,DAYS,0,2024-07-07 16:01:53.736 +0300,,true,,,,,
1641,131,2,1317,ALL,NESTED,ALL,ALL,0,10,DAYS,365,DAYS,0,2024-07-07 16:01:53.736 +0300,,true,,,,,
1642,131,2,1329,ALL,NESTED,ALL,ALL,0,10,DAYS,365,DAYS,0,2024-07-07 16:01:53.736 +0300,,true,,,,,
1643,131,2,1335,ALL,NESTED,ALL,ALL,0,10,DAYS,365,DAYS,0,2024-07-07 16:01:53.736 +0300,,true,,,,,
1644,131,2,1337,ALL,NESTED,ALL,ALL,0,10,DAYS,365,DAYS,0,2024-07-07 16:01:53.736 +0300,,true,,,,,
1645,131,2,1339,ALL,NESTED,ALL,ALL,0,10,DAYS,365,DAYS,0,2024-07-07 16:01:53.736 +0300,,true,,,,,
1646,131,2,1341,ALL,NESTED,ALL,ALL,0,10,DAYS,365,DAYS,0,2024-07-07 16:01:53.736 +0300,,true,,,,,
1647,131,2,1348,ALL,NESTED,ALL,ALL,0,10,DAYS,365,DAYS,0,2024-07-07 16:01:53.736 +0300,,true,,,,,
1648,131,2,1350,ALL,NESTED,ALL,ALL,0,10,DAYS,365,DAYS,0,2024-07-07 16:01:53.736 +0300,,true,,,,,
1649,131,2,1352,ALL,NESTED,ALL,ALL,0,10,DAYS,365,DAYS,0,2024-07-07 16:01:53.736 +0300,,true,,,,,
1650,131,2,1354,ALL,NESTED,ALL,ALL,0,10,DAYS,365,DAYS,0,2024-07-07 16:01:53.736 +0300,,true,,,,,
1651,131,2,1366,ALL,NESTED,ALL,ALL,0,10,DAYS,365,DAYS,0,2024-07-07 16:01:53.736 +0300,,true,,,,,
1653,131,2,1374,ALL,NESTED,ALL,ALL,0,10,DAYS,365,DAYS,0,2024-07-07 16:01:53.736 +0300,,true,,,,,
1654,131,2,1386,ALL,NESTED,ALL,ALL,0,10,DAYS,365,DAYS,0,2024-07-07 16:01:53.736 +0300,,true,,,,,
1655,131,2,1392,ALL,NESTED,ALL,ALL,0,10,DAYS,365,DAYS,0,2024-07-07 16:01:53.736 +0300,,true,,,,,
1656,131,2,1394,ALL,NESTED,ALL,ALL,0,10,DAYS,365,DAYS,0,2024-07-07 16:01:53.736 +0300,,true,,,,,
1657,131,2,1410,ALL,NESTED,ALL,ALL,0,10,DAYS,365,DAYS,0,2024-07-07 16:01:53.736 +0300,,true,,,,,
1658,131,2,1441,ALL,NESTED,ALL,ALL,0,10,DAYS,365,DAYS,0,2024-07-07 16:01:53.736 +0300,,true,,,,,
1659,131,2,1442,ALL,NESTED,ALL,ALL,0,10,DAYS,365,DAYS,0,2024-07-07 16:01:53.736 +0300,,true,,,,,
1660,131,2,1606,ALL,NESTED,ALL,ALL,0,10,DAYS,365,DAYS,0,2024-07-07 16:01:53.736 +0300,,true,,,,,
1664,132,2,1128,ALL,NESTED,ALL,ALL,0,10,DAYS,72,DAYS,0,2024-07-07 16:01:53.736 +0300,,true,,,,,
1665,132,2,1130,ALL,NESTED,ALL,ALL,0,10,DAYS,72,DAYS,0,2024-07-07 16:01:53.736 +0300,,true,,,,,
1666,132,2,1132,ALL,NESTED,ALL,ALL,0,10,DAYS,72,DAYS,0,2024-07-07 16:01:53.736 +0300,,true,,,,,
1667,132,2,1150,ALL,NESTED,ALL,ALL,0,10,DAYS,72,DAYS,0,2024-07-07 16:01:53.736 +0300,,true,,,,,
1668,132,2,1152,ALL,NESTED,ALL,ALL,0,10,DAYS,72,DAYS,0,2024-07-07 16:01:53.736 +0300,,true,,,,,
1669,132,2,1154,ALL,NESTED,ALL,ALL,0,10,DAYS,72,DAYS,0,2024-07-07 16:01:53.736 +0300,,true,,,,,
1670,132,2,1156,ALL,NESTED,ALL,ALL,0,10,DAYS,72,DAYS,0,2024-07-07 16:01:53.736 +0300,,true,,,,,
1671,132,2,1158,ALL,NESTED,ALL,ALL,0,10,DAYS,72,DAYS,0,2024-07-07 16:01:53.736 +0300,,true,,,,,
1672,132,2,1165,ALL,NESTED,ALL,ALL,0,10,DAYS,72,DAYS,0,2024-07-07 16:01:53.736 +0300,,true,,,,,
1673,132,2,1167,ALL,NESTED,ALL,ALL,0,10,DAYS,72,DAYS,0,2024-07-07 16:01:53.736 +0300,,true,,,,,
1674,132,2,1169,ALL,NESTED,ALL,ALL,0,10,DAYS,72,DAYS,0,2024-07-07 16:01:53.736 +0300,,true,,,,,
1675,132,2,1171,ALL,NESTED,ALL,ALL,0,10,DAYS,72,DAYS,0,2024-07-07 16:01:53.736 +0300,,true,,,,,
1676,132,2,1177,ALL,NESTED,ALL,ALL,0,10,DAYS,72,DAYS,0,2024-07-07 16:01:53.736 +0300,,true,,,,,
1677,132,2,1180,ALL,NESTED,ALL,ALL,0,10,DAYS,72,DAYS,0,2024-07-07 16:01:53.736 +0300,,true,,,,,
1678,132,2,1182,ALL,NESTED,ALL,ALL,0,10,DAYS,72,DAYS,0,2024-07-07 16:01:53.736 +0300,,true,,,,,
1679,132,2,1200,ALL,NESTED,ALL,ALL,0,10,DAYS,72,DAYS,0,2024-07-07 16:01:53.736 +0300,,true,,,,,
1680,132,2,1212,ALL,NESTED,ALL,ALL,0,10,DAYS,72,DAYS,0,2024-07-07 16:01:53.736 +0300,,true,,,,,
1681,132,2,1221,ALL,NESTED,ALL,ALL,0,10,DAYS,72,DAYS,0,2024-07-07 16:01:53.736 +0300,,true,,,,,
1682,132,2,1223,ALL,NESTED,ALL,ALL,0,10,DAYS,72,DAYS,0,2024-07-07 16:01:53.736 +0300,,true,,,,,
1683,132,2,1225,ALL,NESTED,ALL,ALL,0,10,DAYS,72,DAYS,0,2024-07-07 16:01:53.736 +0300,,true,,,,,
1684,132,2,1238,ALL,NESTED,ALL,ALL,0,10,DAYS,72,DAYS,0,2024-07-07 16:01:53.736 +0300,,true,,,,,
1685,132,2,1240,ALL,NESTED,ALL,ALL,0,10,DAYS,72,DAYS,0,2024-07-07 16:01:53.736 +0300,,true,,,,,
1686,132,2,1242,ALL,NESTED,ALL,ALL,0,10,DAYS,72,DAYS,0,2024-07-07 16:01:53.736 +0300,,true,,,,,
1661,131,2,1625,ALL,NESTED,ALL,ALL,0,10,DAYS,365,DAYS,0,2024-07-07 16:01:53.736 +0300,,true,,,,,
1688,132,2,1246,ALL,NESTED,ALL,ALL,0,10,DAYS,72,DAYS,0,2024-07-07 16:01:53.736 +0300,,true,,,,,
1689,132,2,1253,ALL,NESTED,ALL,ALL,0,10,DAYS,72,DAYS,0,2024-07-07 16:01:53.736 +0300,,true,,,,,
1690,132,2,1255,ALL,NESTED,ALL,ALL,0,10,DAYS,72,DAYS,0,2024-07-07 16:01:53.736 +0300,,true,,,,,
1691,132,2,1257,ALL,NESTED,ALL,ALL,0,10,DAYS,72,DAYS,0,2024-07-07 16:01:53.736 +0300,,true,,,,,
1692,132,2,1259,ALL,NESTED,ALL,ALL,0,10,DAYS,72,DAYS,0,2024-07-07 16:01:53.736 +0300,,true,,,,,
1694,132,2,1280,ALL,NESTED,ALL,ALL,0,10,DAYS,72,DAYS,0,2024-07-07 16:01:53.736 +0300,,true,,,,,
1697,132,2,1297,ALL,NESTED,ALL,ALL,0,10,DAYS,72,DAYS,0,2024-07-07 16:01:53.736 +0300,,true,,,,,
1698,132,2,1299,ALL,NESTED,ALL,ALL,0,10,DAYS,72,DAYS,0,2024-07-07 16:01:53.736 +0300,,true,,,,,
1699,132,2,1301,ALL,NESTED,ALL,ALL,0,10,DAYS,72,DAYS,0,2024-07-07 16:01:53.736 +0300,,true,,,,,
1700,132,2,1303,ALL,NESTED,ALL,ALL,0,10,DAYS,72,DAYS,0,2024-07-07 16:01:53.736 +0300,,true,,,,,
1701,132,2,1305,ALL,NESTED,ALL,ALL,0,10,DAYS,72,DAYS,0,2024-07-07 16:01:53.736 +0300,,true,,,,,
1702,132,2,1312,ALL,NESTED,ALL,ALL,0,10,DAYS,72,DAYS,0,2024-07-07 16:01:53.736 +0300,,true,,,,,
1703,132,2,1314,ALL,NESTED,ALL,ALL,0,10,DAYS,72,DAYS,0,2024-07-07 16:01:53.736 +0300,,true,,,,,
1704,132,2,1316,ALL,NESTED,ALL,ALL,0,10,DAYS,72,DAYS,0,2024-07-07 16:01:53.736 +0300,,true,,,,,
1705,132,2,1318,ALL,NESTED,ALL,ALL,0,10,DAYS,72,DAYS,0,2024-07-07 16:01:53.736 +0300,,true,,,,,
1706,132,2,1336,ALL,NESTED,ALL,ALL,0,10,DAYS,72,DAYS,0,2024-07-07 16:01:53.736 +0300,,true,,,,,
1707,132,2,1338,ALL,NESTED,ALL,ALL,0,10,DAYS,72,DAYS,0,2024-07-07 16:01:53.736 +0300,,true,,,,,
1708,132,2,1340,ALL,NESTED,ALL,ALL,0,10,DAYS,72,DAYS,0,2024-07-07 16:01:53.736 +0300,,true,,,,,
1709,132,2,1342,ALL,NESTED,ALL,ALL,0,10,DAYS,72,DAYS,0,2024-07-07 16:01:53.736 +0300,,true,,,,,
1710,132,2,1349,ALL,NESTED,ALL,ALL,0,10,DAYS,72,DAYS,0,2024-07-07 16:01:53.736 +0300,,true,,,,,
1711,132,2,1351,ALL,NESTED,ALL,ALL,0,10,DAYS,72,DAYS,0,2024-07-07 16:01:53.736 +0300,,true,,,,,
1712,132,2,1353,ALL,NESTED,ALL,ALL,0,10,DAYS,72,DAYS,0,2024-07-07 16:01:53.736 +0300,,true,,,,,
1713,132,2,1355,ALL,NESTED,ALL,ALL,0,10,DAYS,72,DAYS,0,2024-07-07 16:01:53.736 +0300,,true,,,,,
1714,132,2,1373,ALL,NESTED,ALL,ALL,0,10,DAYS,72,DAYS,0,2024-07-07 16:01:53.736 +0300,,true,,,,,
1715,132,2,1375,ALL,NESTED,ALL,ALL,0,10,DAYS,72,DAYS,0,2024-07-07 16:01:53.736 +0300,,true,,,,,
1693,132,2,1278,ALL,NESTED,ALL,ALL,0,10,DAYS,72,DAYS,0,2025-06-25 17:49:26.000 +0300,,true,,,,,
1695,132,2,1286,ALL,NESTED,ALL,ALL,0,10,DAYS,72,DAYS,0,2025-06-25 18:30:50.000 +0300,,true,,,,,
1696,132,2,1288,ALL,NESTED,ALL,ALL,0,10,DAYS,72,DAYS,0,2025-06-25 18:31:24.000 +0300,,true,,,,,
1662,131,2,1638,ALL,NESTED,ALL,ALL,0,10,DAYS,365,DAYS,0,2024-07-07 16:01:53.736 +0300,,true,,,,,
1663,131,2,1639,ALL,NESTED,ALL,ALL,0,10,DAYS,365,DAYS,0,2024-07-07 16:01:53.736 +0300,,true,,,,,
1716,132,2,1393,ALL,NESTED,ALL,ALL,0,10,DAYS,72,DAYS,0,2024-07-07 16:01:53.736 +0300,,true,,,,,
1206,122,2,1127,ALL,NESTED,ALL,ALL,0,10,DAYS,365,DAYS,0,2024-07-07 16:01:53.736 +0300,,true,,,,,
1718,133,2,1142,ALL,NESTED,ALL,ALL,0,10,DAYS,72,DAYS,0,2024-07-07 16:01:53.736 +0300,,true,,,,,
1719,133,2,1192,ALL,NESTED,ALL,ALL,0,10,DAYS,72,DAYS,0,2024-07-07 16:01:53.736 +0300,,true,,,,,
1720,133,2,1205,ALL,NESTED,ALL,ALL,0,10,DAYS,72,DAYS,0,2024-07-07 16:01:53.736 +0300,,true,,,,,
1721,133,2,1230,ALL,NESTED,ALL,ALL,0,10,DAYS,72,DAYS,0,2024-07-07 16:01:53.736 +0300,,true,,,,,
1722,133,2,1293,ALL,NESTED,ALL,ALL,0,10,DAYS,72,DAYS,0,2024-07-07 16:01:53.736 +0300,,true,,,,,
1723,133,2,1328,ALL,NESTED,ALL,ALL,0,10,DAYS,72,DAYS,0,2024-07-07 16:01:53.736 +0300,,true,,,,,
1724,133,2,1365,ALL,NESTED,ALL,ALL,0,10,DAYS,72,DAYS,0,2024-07-07 16:01:53.736 +0300,,true,,,,,
1725,133,2,1385,ALL,NESTED,ALL,ALL,0,10,DAYS,72,DAYS,0,2024-07-07 16:01:53.736 +0300,,true,,,,,
1726,133,2,1605,ALL,NESTED,ALL,ALL,0,10,DAYS,72,DAYS,0,2024-07-07 16:01:53.736 +0300,,true,,,,,
1727,135,2,1137,ALL,NESTED,ALL,ALL,0,10,DAYS,72,DAYS,0,2024-07-07 16:01:53.736 +0300,,true,,,,,
1728,135,2,1144,ALL,NESTED,ALL,ALL,0,10,DAYS,72,DAYS,0,2024-07-07 16:01:53.736 +0300,,true,,,,,
1729,135,2,1148,ALL,NESTED,ALL,ALL,0,10,DAYS,72,DAYS,0,2024-07-07 16:01:53.736 +0300,,true,,,,,
1730,135,2,1163,ALL,NESTED,ALL,ALL,0,10,DAYS,72,DAYS,0,2024-07-07 16:01:53.736 +0300,,true,,,,,
1731,135,2,1175,ALL,NESTED,ALL,ALL,0,10,DAYS,72,DAYS,0,2024-07-07 16:01:53.736 +0300,,true,,,,,
1732,135,2,1186,ALL,NESTED,ALL,ALL,0,10,DAYS,72,DAYS,0,2024-07-07 16:01:53.736 +0300,,true,,,,,
1733,135,2,1194,ALL,NESTED,ALL,ALL,0,10,DAYS,72,DAYS,0,2024-07-07 16:01:53.736 +0300,,true,,,,,
1734,135,2,1198,ALL,NESTED,ALL,ALL,0,10,DAYS,72,DAYS,0,2024-07-07 16:01:53.736 +0300,,true,,,,,
1735,135,2,1206,ALL,NESTED,ALL,ALL,0,10,DAYS,72,DAYS,0,2024-07-07 16:01:53.736 +0300,,true,,,,,
1736,135,2,1210,ALL,NESTED,ALL,ALL,0,10,DAYS,72,DAYS,0,2024-07-07 16:01:53.736 +0300,,true,,,,,
1737,135,2,1218,ALL,NESTED,ALL,ALL,0,10,DAYS,72,DAYS,0,2024-07-07 16:01:53.736 +0300,,true,,,,,
1738,135,2,1232,ALL,NESTED,ALL,ALL,0,10,DAYS,72,DAYS,0,2024-07-07 16:01:53.736 +0300,,true,,,,,
1739,135,2,1236,ALL,NESTED,ALL,ALL,0,10,DAYS,72,DAYS,0,2024-07-07 16:01:53.736 +0300,,true,,,,,
1740,135,2,1251,ALL,NESTED,ALL,ALL,0,10,DAYS,72,DAYS,0,2024-07-07 16:01:53.736 +0300,,true,,,,,
1741,135,2,1263,ALL,NESTED,ALL,ALL,0,10,DAYS,72,DAYS,0,2024-07-07 16:01:53.736 +0300,,true,,,,,
1742,135,2,1267,ALL,NESTED,ALL,ALL,0,10,DAYS,72,DAYS,0,2024-07-07 16:01:53.736 +0300,,true,,,,,
1743,135,2,1273,ALL,NESTED,ALL,ALL,0,10,DAYS,72,DAYS,0,2024-07-07 16:01:53.736 +0300,,true,,,,,
1744,135,2,1295,ALL,NESTED,ALL,ALL,0,10,DAYS,72,DAYS,0,2024-07-07 16:01:53.736 +0300,,true,,,,,
1745,135,2,1310,ALL,NESTED,ALL,ALL,0,10,DAYS,72,DAYS,0,2024-07-07 16:01:53.736 +0300,,true,,,,,
1746,135,2,1322,ALL,NESTED,ALL,ALL,0,10,DAYS,72,DAYS,0,2024-07-07 16:01:53.736 +0300,,true,,,,,
1747,135,2,1330,ALL,NESTED,ALL,ALL,0,10,DAYS,72,DAYS,0,2024-07-07 16:01:53.736 +0300,,true,,,,,
1748,135,2,1334,ALL,NESTED,ALL,ALL,0,10,DAYS,72,DAYS,0,2024-07-07 16:01:53.736 +0300,,true,,,,,
1749,135,2,1347,ALL,NESTED,ALL,ALL,0,10,DAYS,72,DAYS,0,2024-07-07 16:01:53.736 +0300,,true,,,,,
1750,135,2,1359,ALL,NESTED,ALL,ALL,0,10,DAYS,72,DAYS,0,2024-07-07 16:01:53.736 +0300,,true,,,,,
1751,135,2,1367,ALL,NESTED,ALL,ALL,0,10,DAYS,72,DAYS,0,2024-07-07 16:01:53.736 +0300,,true,,,,,
1752,135,2,1371,ALL,NESTED,ALL,ALL,0,10,DAYS,72,DAYS,0,2024-07-07 16:01:53.736 +0300,,true,,,,,
1753,135,2,1379,ALL,NESTED,ALL,ALL,0,10,DAYS,72,DAYS,0,2024-07-07 16:01:53.736 +0300,,true,,,,,
1754,135,2,1387,ALL,NESTED,ALL,ALL,0,10,DAYS,72,DAYS,0,2024-07-07 16:01:53.736 +0300,,true,,,,,
1755,135,2,1391,ALL,NESTED,ALL,ALL,0,10,DAYS,72,DAYS,0,2024-07-07 16:01:53.736 +0300,,true,,,,,
1756,136,2,1134,ALL,NESTED,ALL,ALL,0,10,DAYS,72,DAYS,0,2024-07-07 16:01:53.736 +0300,,true,,,,,
1757,136,2,1138,ALL,NESTED,ALL,ALL,0,10,DAYS,72,DAYS,0,2024-07-07 16:01:53.736 +0300,,true,,,,,
1758,136,2,1145,ALL,NESTED,ALL,ALL,0,10,DAYS,72,DAYS,0,2024-07-07 16:01:53.736 +0300,,true,,,,,
1759,136,2,1160,ALL,NESTED,ALL,ALL,0,10,DAYS,72,DAYS,0,2024-07-07 16:01:53.736 +0300,,true,,,,,
1760,136,2,1172,ALL,NESTED,ALL,ALL,0,10,DAYS,72,DAYS,0,2024-07-07 16:01:53.736 +0300,,true,,,,,
1761,136,2,1183,ALL,NESTED,ALL,ALL,0,10,DAYS,72,DAYS,0,2024-07-07 16:01:53.736 +0300,,true,,,,,
1762,136,2,1188,ALL,NESTED,ALL,ALL,0,10,DAYS,72,DAYS,0,2024-07-07 16:01:53.736 +0300,,true,,,,,
1763,136,2,1195,ALL,NESTED,ALL,ALL,0,10,DAYS,72,DAYS,0,2024-07-07 16:01:53.736 +0300,,true,,,,,
1764,136,2,1201,ALL,NESTED,ALL,ALL,0,10,DAYS,72,DAYS,0,2024-07-07 16:01:53.736 +0300,,true,,,,,
1765,136,2,1207,ALL,NESTED,ALL,ALL,0,10,DAYS,72,DAYS,0,2024-07-07 16:01:53.736 +0300,,true,,,,,
1766,136,2,1215,ALL,NESTED,ALL,ALL,0,10,DAYS,72,DAYS,0,2024-07-07 16:01:53.736 +0300,,true,,,,,
1767,136,2,1226,ALL,NESTED,ALL,ALL,0,10,DAYS,72,DAYS,0,2024-07-07 16:01:53.736 +0300,,true,,,,,
1768,136,2,1233,ALL,NESTED,ALL,ALL,0,10,DAYS,72,DAYS,0,2024-07-07 16:01:53.736 +0300,,true,,,,,
1769,136,2,1248,ALL,NESTED,ALL,ALL,0,10,DAYS,72,DAYS,0,2024-07-07 16:01:53.736 +0300,,true,,,,,
1770,136,2,1260,ALL,NESTED,ALL,ALL,0,10,DAYS,72,DAYS,0,2024-07-07 16:01:53.736 +0300,,true,,,,,
1771,136,2,1264,ALL,NESTED,ALL,ALL,0,10,DAYS,72,DAYS,0,2024-07-07 16:01:53.736 +0300,,true,,,,,
1772,136,2,1270,ALL,NESTED,ALL,ALL,0,10,DAYS,72,DAYS,0,2024-07-07 16:01:53.736 +0300,,true,,,,,
1773,136,2,1289,ALL,NESTED,ALL,ALL,0,10,DAYS,72,DAYS,0,2024-07-07 16:01:53.736 +0300,,true,,,,,
1774,136,2,1307,ALL,NESTED,ALL,ALL,0,10,DAYS,72,DAYS,0,2024-07-07 16:01:53.736 +0300,,true,,,,,
1775,136,2,1319,ALL,NESTED,ALL,ALL,0,10,DAYS,72,DAYS,0,2024-07-07 16:01:53.736 +0300,,true,,,,,
1776,136,2,1324,ALL,NESTED,ALL,ALL,0,10,DAYS,72,DAYS,0,2024-07-07 16:01:53.736 +0300,,true,,,,,
1777,136,2,1331,ALL,NESTED,ALL,ALL,0,10,DAYS,72,DAYS,0,2024-07-07 16:01:53.736 +0300,,true,,,,,
1778,136,2,1344,ALL,NESTED,ALL,ALL,0,10,DAYS,72,DAYS,0,2024-07-07 16:01:53.736 +0300,,true,,,,,
1779,136,2,1356,ALL,NESTED,ALL,ALL,0,10,DAYS,72,DAYS,0,2024-07-07 16:01:53.736 +0300,,true,,,,,
1780,136,2,1361,ALL,NESTED,ALL,ALL,0,10,DAYS,72,DAYS,0,2024-07-07 16:01:53.736 +0300,,true,,,,,
1781,136,2,1368,ALL,NESTED,ALL,ALL,0,10,DAYS,72,DAYS,0,2024-07-07 16:01:53.736 +0300,,true,,,,,
1782,136,2,1376,ALL,NESTED,ALL,ALL,0,10,DAYS,72,DAYS,0,2024-07-07 16:01:53.736 +0300,,true,,,,,
1783,136,2,1381,ALL,NESTED,ALL,ALL,0,10,DAYS,72,DAYS,0,2024-07-07 16:01:53.736 +0300,,true,,,,,
1784,136,2,1388,ALL,NESTED,ALL,ALL,0,10,DAYS,72,DAYS,0,2024-07-07 16:01:53.736 +0300,,true,,,,,
1785,137,2,1133,ALL,NESTED,ALL,ALL,0,10,DAYS,72,DAYS,0,2024-07-07 16:01:53.736 +0300,,true,,,,,
1786,137,2,1135,ALL,NESTED,ALL,ALL,0,10,DAYS,72,DAYS,0,2024-07-07 16:01:53.736 +0300,,true,,,,,
1787,137,2,1136,ALL,NESTED,ALL,ALL,0,10,DAYS,72,DAYS,0,2024-07-07 16:01:53.736 +0300,,true,,,,,
1788,137,2,1140,ALL,NESTED,ALL,ALL,0,10,DAYS,72,DAYS,0,2024-07-07 16:01:53.736 +0300,,true,,,,,
1789,137,2,1141,ALL,NESTED,ALL,ALL,0,10,DAYS,72,DAYS,0,2024-07-07 16:01:53.736 +0300,,true,,,,,
1790,137,2,1146,ALL,NESTED,ALL,ALL,0,10,DAYS,72,DAYS,0,2024-07-07 16:01:53.736 +0300,,true,,,,,
1791,137,2,1147,ALL,NESTED,ALL,ALL,0,10,DAYS,72,DAYS,0,2024-07-07 16:01:53.736 +0300,,true,,,,,
1792,137,2,1159,ALL,NESTED,ALL,ALL,0,10,DAYS,72,DAYS,0,2024-07-07 16:01:53.736 +0300,,true,,,,,
1793,137,2,1161,ALL,NESTED,ALL,ALL,0,10,DAYS,72,DAYS,0,2024-07-07 16:01:53.736 +0300,,true,,,,,
1794,137,2,1162,ALL,NESTED,ALL,ALL,0,10,DAYS,72,DAYS,0,2024-07-07 16:01:53.736 +0300,,true,,,,,
1795,137,2,1173,ALL,NESTED,ALL,ALL,0,10,DAYS,72,DAYS,0,2024-07-07 16:01:53.736 +0300,,true,,,,,
1796,137,2,1174,ALL,NESTED,ALL,ALL,0,10,DAYS,72,DAYS,0,2024-07-07 16:01:53.736 +0300,,true,,,,,
1797,137,2,1184,ALL,NESTED,ALL,ALL,0,10,DAYS,72,DAYS,0,2024-07-07 16:01:53.736 +0300,,true,,,,,
1798,137,2,1185,ALL,NESTED,ALL,ALL,0,10,DAYS,72,DAYS,0,2024-07-07 16:01:53.736 +0300,,true,,,,,
1799,137,2,1190,ALL,NESTED,ALL,ALL,0,10,DAYS,72,DAYS,0,2024-07-07 16:01:53.736 +0300,,true,,,,,
1800,137,2,1191,ALL,NESTED,ALL,ALL,0,10,DAYS,72,DAYS,0,2024-07-07 16:01:53.736 +0300,,true,,,,,
1801,137,2,1196,ALL,NESTED,ALL,ALL,0,10,DAYS,72,DAYS,0,2024-07-07 16:01:53.736 +0300,,true,,,,,
1802,137,2,1197,ALL,NESTED,ALL,ALL,0,10,DAYS,72,DAYS,0,2024-07-07 16:01:53.736 +0300,,true,,,,,
1803,137,2,1203,ALL,NESTED,ALL,ALL,0,10,DAYS,72,DAYS,0,2024-07-07 16:01:53.736 +0300,,true,,,,,
1804,137,2,1204,ALL,NESTED,ALL,ALL,0,10,DAYS,72,DAYS,0,2024-07-07 16:01:53.736 +0300,,true,,,,,
1805,137,2,1208,ALL,NESTED,ALL,ALL,0,10,DAYS,72,DAYS,0,2024-07-07 16:01:53.736 +0300,,true,,,,,
1806,137,2,1209,ALL,NESTED,ALL,ALL,0,10,DAYS,72,DAYS,0,2024-07-07 16:01:53.736 +0300,,true,,,,,
1807,137,2,1214,ALL,NESTED,ALL,ALL,0,10,DAYS,72,DAYS,0,2024-07-07 16:01:53.736 +0300,,true,,,,,
1808,137,2,1216,ALL,NESTED,ALL,ALL,0,10,DAYS,72,DAYS,0,2024-07-07 16:01:53.736 +0300,,true,,,,,
1809,137,2,1217,ALL,NESTED,ALL,ALL,0,10,DAYS,72,DAYS,0,2024-07-07 16:01:53.736 +0300,,true,,,,,
1810,137,2,1228,ALL,NESTED,ALL,ALL,0,10,DAYS,72,DAYS,0,2024-07-07 16:01:53.736 +0300,,true,,,,,
1811,137,2,1229,ALL,NESTED,ALL,ALL,0,10,DAYS,72,DAYS,0,2024-07-07 16:01:53.736 +0300,,true,,,,,
1812,137,2,1234,ALL,NESTED,ALL,ALL,0,10,DAYS,72,DAYS,0,2024-07-07 16:01:53.736 +0300,,true,,,,,
1813,137,2,1235,ALL,NESTED,ALL,ALL,0,10,DAYS,72,DAYS,0,2024-07-07 16:01:53.736 +0300,,true,,,,,
1814,137,2,1247,ALL,NESTED,ALL,ALL,0,10,DAYS,72,DAYS,0,2024-07-07 16:01:53.736 +0300,,true,,,,,
1815,137,2,1249,ALL,NESTED,ALL,ALL,0,10,DAYS,72,DAYS,0,2024-07-07 16:01:53.736 +0300,,true,,,,,
1816,137,2,1250,ALL,NESTED,ALL,ALL,0,10,DAYS,72,DAYS,0,2024-07-07 16:01:53.736 +0300,,true,,,,,
1817,137,2,1261,ALL,NESTED,ALL,ALL,0,10,DAYS,72,DAYS,0,2024-07-07 16:01:53.736 +0300,,true,,,,,
1818,137,2,1262,ALL,NESTED,ALL,ALL,0,10,DAYS,72,DAYS,0,2024-07-07 16:01:53.736 +0300,,true,,,,,
1819,137,2,1265,ALL,NESTED,ALL,ALL,0,10,DAYS,72,DAYS,0,2024-07-07 16:01:53.736 +0300,,true,,,,,
1820,137,2,1266,ALL,NESTED,ALL,ALL,0,10,DAYS,72,DAYS,0,2024-07-07 16:01:53.736 +0300,,true,,,,,
1821,137,2,1271,ALL,NESTED,ALL,ALL,0,10,DAYS,72,DAYS,0,2024-07-07 16:01:53.736 +0300,,true,,,,,
1822,137,2,1272,ALL,NESTED,ALL,ALL,0,10,DAYS,72,DAYS,0,2024-07-07 16:01:53.736 +0300,,true,,,,,
1823,137,2,1291,ALL,NESTED,ALL,ALL,0,10,DAYS,72,DAYS,0,2024-07-07 16:01:53.736 +0300,,true,,,,,
1824,137,2,1292,ALL,NESTED,ALL,ALL,0,10,DAYS,72,DAYS,0,2024-07-07 16:01:53.736 +0300,,true,,,,,
1825,137,2,1306,ALL,NESTED,ALL,ALL,0,10,DAYS,72,DAYS,0,2024-07-07 16:01:53.736 +0300,,true,,,,,
1826,137,2,1308,ALL,NESTED,ALL,ALL,0,10,DAYS,72,DAYS,0,2024-07-07 16:01:53.736 +0300,,true,,,,,
1827,137,2,1309,ALL,NESTED,ALL,ALL,0,10,DAYS,72,DAYS,0,2024-07-07 16:01:53.736 +0300,,true,,,,,
1828,137,2,1320,ALL,NESTED,ALL,ALL,0,10,DAYS,72,DAYS,0,2024-07-07 16:01:53.736 +0300,,true,,,,,
1829,137,2,1321,ALL,NESTED,ALL,ALL,0,10,DAYS,72,DAYS,0,2024-07-07 16:01:53.736 +0300,,true,,,,,
1830,137,2,1326,ALL,NESTED,ALL,ALL,0,10,DAYS,72,DAYS,0,2024-07-07 16:01:53.736 +0300,,true,,,,,
1831,137,2,1327,ALL,NESTED,ALL,ALL,0,10,DAYS,72,DAYS,0,2024-07-07 16:01:53.736 +0300,,true,,,,,
1832,137,2,1332,ALL,NESTED,ALL,ALL,0,10,DAYS,72,DAYS,0,2024-07-07 16:01:53.736 +0300,,true,,,,,
1833,137,2,1333,ALL,NESTED,ALL,ALL,0,10,DAYS,72,DAYS,0,2024-07-07 16:01:53.736 +0300,,true,,,,,
1834,137,2,1343,ALL,NESTED,ALL,ALL,0,10,DAYS,72,DAYS,0,2024-07-07 16:01:53.736 +0300,,true,,,,,
1835,137,2,1345,ALL,NESTED,ALL,ALL,0,10,DAYS,72,DAYS,0,2024-07-07 16:01:53.736 +0300,,true,,,,,
1836,137,2,1346,ALL,NESTED,ALL,ALL,0,10,DAYS,72,DAYS,0,2024-07-07 16:01:53.736 +0300,,true,,,,,
1837,137,2,1357,ALL,NESTED,ALL,ALL,0,10,DAYS,72,DAYS,0,2024-07-07 16:01:53.736 +0300,,true,,,,,
1838,137,2,1358,ALL,NESTED,ALL,ALL,0,10,DAYS,72,DAYS,0,2024-07-07 16:01:53.736 +0300,,true,,,,,
1839,137,2,1363,ALL,NESTED,ALL,ALL,0,10,DAYS,72,DAYS,0,2024-07-07 16:01:53.736 +0300,,true,,,,,
1840,137,2,1364,ALL,NESTED,ALL,ALL,0,10,DAYS,72,DAYS,0,2024-07-07 16:01:53.736 +0300,,true,,,,,
1841,137,2,1369,ALL,NESTED,ALL,ALL,0,10,DAYS,72,DAYS,0,2024-07-07 16:01:53.736 +0300,,true,,,,,
1842,137,2,1370,ALL,NESTED,ALL,ALL,0,10,DAYS,72,DAYS,0,2024-07-07 16:01:53.736 +0300,,true,,,,,
1843,137,2,1377,ALL,NESTED,ALL,ALL,0,10,DAYS,72,DAYS,0,2024-07-07 16:01:53.736 +0300,,true,,,,,
1844,137,2,1378,ALL,NESTED,ALL,ALL,0,10,DAYS,72,DAYS,0,2024-07-07 16:01:53.736 +0300,,true,,,,,
1845,137,2,1383,ALL,NESTED,ALL,ALL,0,10,DAYS,72,DAYS,0,2024-07-07 16:01:53.736 +0300,,true,,,,,
1846,137,2,1384,ALL,NESTED,ALL,ALL,0,10,DAYS,72,DAYS,0,2024-07-07 16:01:53.736 +0300,,true,,,,,
1847,137,2,1389,ALL,NESTED,ALL,ALL,0,10,DAYS,72,DAYS,0,2024-07-07 16:01:53.736 +0300,,true,,,,,
1848,137,2,1390,ALL,NESTED,ALL,ALL,0,10,DAYS,72,DAYS,0,2024-07-07 16:01:53.736 +0300,,true,,,,,
1906,141,2,1189,ALL,NESTED,ALL,ALL,0,10,DAYS,720,DAYS,0,2026-03-11 20:42:44.000 +0300,,true,,,,,
1869,139,2,1124,ALL,NESTED,ALL,ALL,0,10,DAYS,360,DAYS,0,2024-07-07 16:01:53.736 +0300,,true,,,,,
1870,139,2,1398,ALL,NESTED,ALL,ALL,0,10,DAYS,360,DAYS,0,2024-07-07 16:01:53.736 +0300,,true,,,,,
1871,139,2,1401,ALL,NESTED,ALL,ALL,0,10,DAYS,360,DAYS,0,2024-07-07 16:01:53.736 +0300,,true,,,,,
1872,139,2,1404,ALL,NESTED,ALL,ALL,0,10,DAYS,360,DAYS,0,2024-07-07 16:01:53.736 +0300,,true,,,,,
1873,139,2,1407,ALL,NESTED,ALL,ALL,0,10,DAYS,360,DAYS,0,2024-07-07 16:01:53.736 +0300,,true,,,,,
1874,139,2,1411,ALL,NESTED,ALL,ALL,0,10,DAYS,360,DAYS,0,2024-07-07 16:01:53.736 +0300,,true,,,,,
1875,139,2,1414,ALL,NESTED,ALL,ALL,0,10,DAYS,360,DAYS,0,2024-07-07 16:01:53.736 +0300,,true,,,,,
1877,139,2,1420,ALL,NESTED,ALL,ALL,0,10,DAYS,360,DAYS,0,2024-07-07 16:01:53.736 +0300,,true,,,,,
1878,139,2,1423,ALL,NESTED,ALL,ALL,0,10,DAYS,360,DAYS,0,2024-07-07 16:01:53.736 +0300,,true,,,,,
1850,138,2,1126,ALL,NESTED,ALL,ALL,0,10,DAYS,720,DAYS,0,2024-07-07 16:01:53.736 +0300,,true,,,,,
1851,138,2,1399,ALL,NESTED,ALL,ALL,0,10,DAYS,720,DAYS,0,2024-07-07 16:01:53.736 +0300,,true,,,,,
1852,138,2,1402,ALL,NESTED,ALL,ALL,0,10,DAYS,720,DAYS,0,2024-07-07 16:01:53.736 +0300,,true,,,,,
1868,139,2,1121,ALL,NESTED,ALL,ALL,0,10,DAYS,360,DAYS,0,2025-06-26 11:56:20.000 +0300,,true,,,,,
1876,139,2,1417,ALL,NESTED,ALL,ALL,0,10,DAYS,360,DAYS,0,2025-06-26 11:59:20.000 +0300,,true,,,,,
1879,139,2,1426,ALL,NESTED,ALL,ALL,0,10,DAYS,360,DAYS,0,2024-07-07 16:01:53.736 +0300,,true,,,,,
1887,140,2,1122,ALL,NESTED,ALL,ALL,0,10,DAYS,72,DAYS,0,2024-07-07 16:01:53.736 +0300,,true,,,,,
1888,140,2,1125,ALL,NESTED,ALL,ALL,0,10,DAYS,72,DAYS,0,2024-07-07 16:01:53.736 +0300,,true,,,,,
1889,140,2,1397,ALL,NESTED,ALL,ALL,0,10,DAYS,72,DAYS,0,2024-07-07 16:01:53.736 +0300,,true,,,,,
1890,140,2,1400,ALL,NESTED,ALL,ALL,0,10,DAYS,72,DAYS,0,2024-07-07 16:01:53.736 +0300,,true,,,,,
1891,140,2,1403,ALL,NESTED,ALL,ALL,0,10,DAYS,72,DAYS,0,2024-07-07 16:01:53.736 +0300,,true,,,,,
1892,140,2,1406,ALL,NESTED,ALL,ALL,0,10,DAYS,72,DAYS,0,2024-07-07 16:01:53.736 +0300,,true,,,,,
1893,140,2,1412,ALL,NESTED,ALL,ALL,0,10,DAYS,72,DAYS,0,2024-07-07 16:01:53.736 +0300,,true,,,,,
1894,140,2,1415,ALL,NESTED,ALL,ALL,0,10,DAYS,72,DAYS,0,2024-07-07 16:01:53.736 +0300,,true,,,,,
1895,140,2,1418,ALL,NESTED,ALL,ALL,0,10,DAYS,72,DAYS,0,2024-07-07 16:01:53.736 +0300,,true,,,,,
1896,140,2,1421,ALL,NESTED,ALL,ALL,0,10,DAYS,72,DAYS,0,2024-07-07 16:01:53.736 +0300,,true,,,,,
1897,140,2,1424,ALL,NESTED,ALL,ALL,0,10,DAYS,72,DAYS,0,2024-07-07 16:01:53.736 +0300,,true,,,,,
1898,140,2,1427,ALL,NESTED,ALL,ALL,0,10,DAYS,72,DAYS,0,2024-07-07 16:01:53.736 +0300,,true,,,,,
1899,140,2,1430,ALL,NESTED,ALL,ALL,0,10,DAYS,72,DAYS,0,2024-07-07 16:01:53.736 +0300,,true,,,,,
1900,140,2,1433,ALL,NESTED,ALL,ALL,0,10,DAYS,72,DAYS,0,2024-07-07 16:01:53.736 +0300,,true,,,,,
1901,140,2,1436,ALL,NESTED,ALL,ALL,0,10,DAYS,72,DAYS,0,2024-07-07 16:01:53.736 +0300,,true,,,,,
1902,140,2,1439,ALL,NESTED,ALL,ALL,0,10,DAYS,72,DAYS,0,2024-07-07 16:01:53.736 +0300,,true,,,,,
1903,140,2,1591,ALL,NESTED,ALL,ALL,0,10,DAYS,72,DAYS,0,2024-07-07 16:01:53.736 +0300,,true,,,,,
1904,140,2,1594,ALL,NESTED,ALL,ALL,0,10,DAYS,72,DAYS,0,2024-07-07 16:01:53.736 +0300,,true,,,,,
1849,138,2,1123,ALL,NESTED,ALL,ALL,0,10,DAYS,720,DAYS,0,2025-06-26 11:58:06.000 +0300,,true,,,,,
1913,142,2,1139,ALL,NESTED,ALL,ALL,0,10,DAYS,72,DAYS,0,2024-07-07 16:01:53.736 +0300,,true,,,,,
1914,142,2,1189,ALL,NESTED,ALL,ALL,0,10,DAYS,72,DAYS,0,2024-07-07 16:01:53.736 +0300,,true,,,,,
1915,142,2,1202,ALL,NESTED,ALL,ALL,0,10,DAYS,72,DAYS,0,2024-07-07 16:01:53.736 +0300,,true,,,,,
1916,142,2,1227,ALL,NESTED,ALL,ALL,0,10,DAYS,72,DAYS,0,2024-07-07 16:01:53.736 +0300,,true,,,,,
1917,142,2,1290,ALL,NESTED,ALL,ALL,0,10,DAYS,72,DAYS,0,2024-07-07 16:01:53.736 +0300,,true,,,,,
1918,142,2,1325,ALL,NESTED,ALL,ALL,0,10,DAYS,72,DAYS,0,2024-07-07 16:01:53.736 +0300,,true,,,,,
1919,142,2,1362,ALL,NESTED,ALL,ALL,0,10,DAYS,72,DAYS,0,2024-07-07 16:01:53.736 +0300,,true,,,,,
1920,142,2,1382,ALL,NESTED,ALL,ALL,0,10,DAYS,72,DAYS,0,2024-07-07 16:01:53.736 +0300,,true,,,,,
1921,143,2,1587,ALL,NESTED,ALL,ALL,0,10,DAYS,72,DAYS,0,2024-07-07 16:01:53.736 +0300,,true,,,,,
1922,143,2,1588,ALL,NESTED,ALL,ALL,0,10,DAYS,72,DAYS,0,2024-07-07 16:01:53.736 +0300,,true,,,,,
1923,143,2,1589,ALL,NESTED,ALL,ALL,0,10,DAYS,72,DAYS,0,2024-07-07 16:01:53.736 +0300,,true,,,,,
1924,143,2,1590,ALL,NESTED,ALL,ALL,0,10,DAYS,72,DAYS,0,2024-07-07 16:01:53.736 +0300,,true,,,,,
1925,143,2,1597,ALL,NESTED,ALL,ALL,0,10,DAYS,72,DAYS,0,2024-07-07 16:01:53.736 +0300,,true,,,,,
1926,143,2,1598,ALL,NESTED,ALL,ALL,0,10,DAYS,72,DAYS,0,2024-07-07 16:01:53.736 +0300,,true,,,,,
1927,143,2,1599,ALL,NESTED,ALL,ALL,0,10,DAYS,72,DAYS,0,2024-07-07 16:01:53.736 +0300,,true,,,,,
1928,143,2,1600,ALL,NESTED,ALL,ALL,0,10,DAYS,72,DAYS,0,2024-07-07 16:01:53.736 +0300,,true,,,,,
1929,143,2,1601,ALL,NESTED,ALL,ALL,0,10,DAYS,72,DAYS,0,2024-07-07 16:01:53.736 +0300,,true,,,,,
1930,143,2,1602,ALL,NESTED,ALL,ALL,0,10,DAYS,72,DAYS,0,2024-07-07 16:01:53.736 +0300,,true,,,,,
1931,143,2,1603,ALL,NESTED,ALL,ALL,0,10,DAYS,72,DAYS,0,2024-07-07 16:01:53.736 +0300,,true,,,,,
1932,143,2,1604,ALL,NESTED,ALL,ALL,0,10,DAYS,72,DAYS,0,2024-07-07 16:01:53.736 +0300,,true,,,,,
1933,143,2,1627,ALL,NESTED,ALL,ALL,0,10,DAYS,72,DAYS,0,2024-07-07 16:01:53.736 +0300,,true,,,,,
1934,143,2,1628,ALL,NESTED,ALL,ALL,0,10,DAYS,72,DAYS,0,2024-07-07 16:01:53.736 +0300,,true,,,,,
1935,143,2,1629,ALL,NESTED,ALL,ALL,0,10,DAYS,72,DAYS,0,2024-07-07 16:01:53.736 +0300,,true,,,,,
1881,139,2,1432,ALL,NESTED,ALL,ALL,0,10,DAYS,360,DAYS,0,2025-06-26 15:18:18.000 +0300,,true,,,,,
1907,141,2,1202,ALL,NESTED,ALL,ALL,0,10,DAYS,720,DAYS,0,2024-07-07 16:01:53.736 +0300,,true,,,,,
1908,141,2,1227,ALL,NESTED,ALL,ALL,0,10,DAYS,720,DAYS,0,2024-07-07 16:01:53.736 +0300,,true,,,,,
1909,141,2,1290,ALL,NESTED,ALL,ALL,0,10,DAYS,720,DAYS,0,2024-07-07 16:01:53.736 +0300,,true,,,,,
1910,141,2,1325,ALL,NESTED,ALL,ALL,0,10,DAYS,720,DAYS,0,2024-07-07 16:01:53.736 +0300,,true,,,,,
1912,141,2,1382,ALL,NESTED,ALL,ALL,0,10,DAYS,720,DAYS,0,2024-07-07 16:01:53.736 +0300,,true,,,,,
1882,139,2,1435,ALL,NESTED,ALL,ALL,0,10,DAYS,360,DAYS,0,2024-07-07 16:01:53.736 +0300,,true,,,,,
1936,143,2,1630,ALL,NESTED,ALL,ALL,0,10,DAYS,72,DAYS,0,2024-07-07 16:01:53.736 +0300,,true,,,,,
1937,143,2,1631,ALL,NESTED,ALL,ALL,0,10,DAYS,72,DAYS,0,2024-07-07 16:01:53.736 +0300,,true,,,,,
1938,143,2,1632,ALL,NESTED,ALL,ALL,0,10,DAYS,72,DAYS,0,2024-07-07 16:01:53.736 +0300,,true,,,,,
1939,143,2,1633,ALL,NESTED,ALL,ALL,0,10,DAYS,72,DAYS,0,2024-07-07 16:01:53.736 +0300,,true,,,,,
1940,143,2,1634,ALL,NESTED,ALL,ALL,0,10,DAYS,72,DAYS,0,2024-07-07 16:01:53.736 +0300,,true,,,,,
1941,144,2,1470,ALL,NESTED,ALL,ALL,0,10,DAYS,72,DAYS,0,2024-07-07 16:01:53.736 +0300,,true,,,,,
1985,158,2,1478,ALL,NESTED,ALL,ALL,0,10,DAYS,720,DAYS,0,2025-06-24 12:37:34.000 +0300,,true,,,,,
1943,146,2,1178,ALL,NESTED,ALL,ALL,0,10,DAYS,72,DAYS,0,2024-07-07 16:01:53.736 +0300,,true,,,,,
1944,146,2,1187,ALL,NESTED,ALL,ALL,0,10,DAYS,72,DAYS,0,2024-07-07 16:01:53.736 +0300,,true,,,,,
1945,146,2,1213,ALL,NESTED,ALL,ALL,0,10,DAYS,72,DAYS,0,2024-07-07 16:01:53.736 +0300,,true,,,,,
1946,146,2,1269,ALL,NESTED,ALL,ALL,0,10,DAYS,72,DAYS,0,2024-07-07 16:01:53.736 +0300,,true,,,,,
1947,146,2,1275,ALL,NESTED,ALL,ALL,0,10,DAYS,72,DAYS,0,2024-07-07 16:01:53.736 +0300,,true,,,,,
1948,146,2,1323,ALL,NESTED,ALL,ALL,0,10,DAYS,72,DAYS,0,2024-07-07 16:01:53.736 +0300,,true,,,,,
1949,146,2,1360,ALL,NESTED,ALL,ALL,0,10,DAYS,72,DAYS,0,2024-07-07 16:01:53.736 +0300,,true,,,,,
1950,146,2,1380,ALL,NESTED,ALL,ALL,0,10,DAYS,72,DAYS,0,2024-07-07 16:01:53.736 +0300,,true,,,,,
1951,147,2,1619,ALL,NESTED,ALL,ALL,0,10,DAYS,72,DAYS,0,2024-07-07 16:01:53.736 +0300,,true,,,,,
1952,149,2,1447,ALL,NESTED,ALL,ALL,0,10,DAYS,72,DAYS,0,2024-07-07 16:01:53.736 +0300,,true,,,,,
1953,149,2,1449,ALL,NESTED,ALL,ALL,0,10,DAYS,72,DAYS,0,2024-07-07 16:01:53.736 +0300,,true,,,,,
1954,149,2,1451,ALL,NESTED,ALL,ALL,0,10,DAYS,72,DAYS,0,2024-07-07 16:01:53.736 +0300,,true,,,,,
1955,149,2,1453,ALL,NESTED,ALL,ALL,0,10,DAYS,72,DAYS,0,2024-07-07 16:01:53.736 +0300,,true,,,,,
1956,149,2,1455,ALL,NESTED,ALL,ALL,0,10,DAYS,72,DAYS,0,2024-07-07 16:01:53.736 +0300,,true,,,,,
1957,149,2,1457,ALL,NESTED,ALL,ALL,0,10,DAYS,72,DAYS,0,2024-07-07 16:01:53.736 +0300,,true,,,,,
1958,149,2,1459,ALL,NESTED,ALL,ALL,0,10,DAYS,72,DAYS,0,2024-07-07 16:01:53.736 +0300,,true,,,,,
1959,149,2,1461,ALL,NESTED,ALL,ALL,0,10,DAYS,72,DAYS,0,2024-07-07 16:01:53.736 +0300,,true,,,,,
1960,149,2,1463,ALL,NESTED,ALL,ALL,0,10,DAYS,72,DAYS,0,2024-07-07 16:01:53.736 +0300,,true,,,,,
1961,149,2,1465,ALL,NESTED,ALL,ALL,0,10,DAYS,72,DAYS,0,2024-07-07 16:01:53.736 +0300,,true,,,,,
1962,149,2,1467,ALL,NESTED,ALL,ALL,0,10,DAYS,72,DAYS,0,2024-07-07 16:01:53.736 +0300,,true,,,,,
1963,149,2,1469,ALL,NESTED,ALL,ALL,0,10,DAYS,72,DAYS,0,2024-07-07 16:01:53.736 +0300,,true,,,,,
1964,152,2,1446,ALL,NESTED,ALL,ALL,0,10,DAYS,72,DAYS,0,2024-07-07 16:01:53.736 +0300,,true,,,,,
1965,152,2,1448,ALL,NESTED,ALL,ALL,0,10,DAYS,72,DAYS,0,2024-07-07 16:01:53.736 +0300,,true,,,,,
1966,152,2,1450,ALL,NESTED,ALL,ALL,0,10,DAYS,72,DAYS,0,2024-07-07 16:01:53.736 +0300,,true,,,,,
1967,152,2,1452,ALL,NESTED,ALL,ALL,0,10,DAYS,72,DAYS,0,2024-07-07 16:01:53.736 +0300,,true,,,,,
1968,152,2,1454,ALL,NESTED,ALL,ALL,0,10,DAYS,72,DAYS,0,2024-07-07 16:01:53.736 +0300,,true,,,,,
1969,152,2,1456,ALL,NESTED,ALL,ALL,0,10,DAYS,72,DAYS,0,2024-07-07 16:01:53.736 +0300,,true,,,,,
1970,152,2,1458,ALL,NESTED,ALL,ALL,0,10,DAYS,72,DAYS,0,2024-07-07 16:01:53.736 +0300,,true,,,,,
1971,152,2,1460,ALL,NESTED,ALL,ALL,0,10,DAYS,72,DAYS,0,2024-07-07 16:01:53.736 +0300,,true,,,,,
1972,152,2,1462,ALL,NESTED,ALL,ALL,0,10,DAYS,72,DAYS,0,2024-07-07 16:01:53.736 +0300,,true,,,,,
1973,152,2,1464,ALL,NESTED,ALL,ALL,0,10,DAYS,72,DAYS,0,2024-07-07 16:01:53.736 +0300,,true,,,,,
1974,152,2,1466,ALL,NESTED,ALL,ALL,0,10,DAYS,72,DAYS,0,2024-07-07 16:01:53.736 +0300,,true,,,,,
1975,152,2,1468,ALL,NESTED,ALL,ALL,0,10,DAYS,72,DAYS,0,2024-07-07 16:01:53.736 +0300,,true,,,,,
1976,153,2,1471,ALL,NESTED,ALL,ALL,0,10,DAYS,72,DAYS,0,2024-07-07 16:01:53.736 +0300,,true,,,,,
1977,153,2,1472,ALL,NESTED,ALL,ALL,0,10,DAYS,72,DAYS,0,2024-07-07 16:01:53.736 +0300,,true,,,,,
1978,153,2,1473,ALL,NESTED,ALL,ALL,0,10,DAYS,72,DAYS,0,2024-07-07 16:01:53.736 +0300,,true,,,,,
1979,153,2,1474,ALL,NESTED,ALL,ALL,0,10,DAYS,72,DAYS,0,2024-07-07 16:01:53.736 +0300,,true,,,,,
1980,154,2,1396,ALL,NESTED,ALL,ALL,0,10,DAYS,72,DAYS,0,2024-07-07 16:01:53.736 +0300,,true,,,,,
1981,155,2,1395,ALL,NESTED,ALL,ALL,0,10,DAYS,72,DAYS,0,2024-07-07 16:01:53.736 +0300,,true,,,,,
1987,158,2,1480,ALL,NESTED,ALL,ALL,0,10,DAYS,720,DAYS,0,2025-06-24 12:36:42.000 +0300,,true,,,,,
1862,138,2,1434,ALL,NESTED,ALL,ALL,0,10,DAYS,720,DAYS,0,2025-06-26 15:17:54.000 +0300,,true,,,,,
2047,158,2,1540,ALL,NESTED,ALL,ALL,0,10,DAYS,720,DAYS,0,2024-07-07 16:01:53.736 +0300,,true,,,,,
1880,139,2,1429,ALL,NESTED,ALL,ALL,0,10,DAYS,360,DAYS,0,2024-07-07 16:01:53.736 +0300,,true,,,,,
1990,158,2,1483,ALL,NESTED,ALL,ALL,0,10,DAYS,720,DAYS,0,2024-07-07 16:01:53.736 +0300,,true,,,,,
1883,139,2,1438,ALL,NESTED,ALL,ALL,0,10,DAYS,360,DAYS,0,2024-07-07 16:01:53.736 +0300,,true,,,,,
2044,158,2,1537,ALL,NESTED,ALL,ALL,0,10,DAYS,720,DAYS,0,2025-06-24 12:36:54.000 +0300,,true,,,,,
2039,158,2,1532,ALL,NESTED,ALL,ALL,0,10,DAYS,720,DAYS,0,2025-06-24 12:36:53.000 +0300,,true,,,,,
2038,158,2,1531,ALL,NESTED,ALL,ALL,0,10,DAYS,720,DAYS,0,2025-06-24 12:36:54.000 +0300,,true,,,,,
2043,158,2,1536,ALL,NESTED,ALL,ALL,0,10,DAYS,720,DAYS,0,2025-06-24 12:36:54.000 +0300,,true,,,,,
1942,145,2,1618,ALL,NESTED,ALL,ALL,0,10,DAYS,720,DAYS,0,2025-06-24 12:50:33.000 +0300,,true,,,,,
1998,158,2,1491,ALL,NESTED,ALL,ALL,0,10,DAYS,720,DAYS,0,2024-07-07 16:01:53.736 +0300,,true,,,,,
1996,158,2,1489,ALL,NESTED,ALL,ALL,0,10,DAYS,720,DAYS,0,2024-07-07 16:01:53.736 +0300,,true,,,,,
1995,158,2,1488,ALL,NESTED,ALL,ALL,0,10,DAYS,720,DAYS,0,2024-07-07 16:01:53.736 +0300,,true,,,,,
1857,138,2,1419,ALL,NESTED,ALL,ALL,0,10,DAYS,720,DAYS,0,2025-06-26 12:04:32.000 +0300,,true,,,,,
2000,158,2,1493,ALL,NESTED,ALL,ALL,0,10,DAYS,720,DAYS,0,2024-07-07 16:01:53.736 +0300,,true,,,,,
2001,158,2,1494,ALL,NESTED,ALL,ALL,0,10,DAYS,720,DAYS,0,2024-07-07 16:01:53.736 +0300,,true,,,,,
2002,158,2,1495,ALL,NESTED,ALL,ALL,0,10,DAYS,720,DAYS,0,2024-07-07 16:01:53.736 +0300,,true,,,,,
2005,158,2,1498,ALL,NESTED,ALL,ALL,0,10,DAYS,720,DAYS,0,2024-07-07 16:01:53.736 +0300,,true,,,,,
2006,158,2,1499,ALL,NESTED,ALL,ALL,0,10,DAYS,720,DAYS,0,2024-07-07 16:01:53.736 +0300,,true,,,,,
2007,158,2,1500,ALL,NESTED,ALL,ALL,0,10,DAYS,720,DAYS,0,2024-07-07 16:01:53.736 +0300,,true,,,,,
2008,158,2,1501,ALL,NESTED,ALL,ALL,0,10,DAYS,720,DAYS,0,2024-07-07 16:01:53.736 +0300,,true,,,,,
2009,158,2,1502,ALL,NESTED,ALL,ALL,0,10,DAYS,720,DAYS,0,2024-07-07 16:01:53.736 +0300,,true,,,,,
2010,158,2,1503,ALL,NESTED,ALL,ALL,0,10,DAYS,720,DAYS,0,2024-07-07 16:01:53.736 +0300,,true,,,,,
2011,158,2,1504,ALL,NESTED,ALL,ALL,0,10,DAYS,720,DAYS,0,2024-07-07 16:01:53.736 +0300,,true,,,,,
2012,158,2,1505,ALL,NESTED,ALL,ALL,0,10,DAYS,720,DAYS,0,2024-07-07 16:01:53.736 +0300,,true,,,,,
2013,158,2,1506,ALL,NESTED,ALL,ALL,0,10,DAYS,720,DAYS,0,2024-07-07 16:01:53.736 +0300,,true,,,,,
2014,158,2,1507,ALL,NESTED,ALL,ALL,0,10,DAYS,720,DAYS,0,2024-07-07 16:01:53.736 +0300,,true,,,,,
2015,158,2,1508,ALL,NESTED,ALL,ALL,0,10,DAYS,720,DAYS,0,2024-07-07 16:01:53.736 +0300,,true,,,,,
2016,158,2,1509,ALL,NESTED,ALL,ALL,0,10,DAYS,720,DAYS,0,2024-07-07 16:01:53.736 +0300,,true,,,,,
2017,158,2,1510,ALL,NESTED,ALL,ALL,0,10,DAYS,720,DAYS,0,2024-07-07 16:01:53.736 +0300,,true,,,,,
2018,158,2,1511,ALL,NESTED,ALL,ALL,0,10,DAYS,720,DAYS,0,2024-07-07 16:01:53.736 +0300,,true,,,,,
2019,158,2,1512,ALL,NESTED,ALL,ALL,0,10,DAYS,720,DAYS,0,2024-07-07 16:01:53.736 +0300,,true,,,,,
2020,158,2,1513,ALL,NESTED,ALL,ALL,0,10,DAYS,720,DAYS,0,2024-07-07 16:01:53.736 +0300,,true,,,,,
2021,158,2,1514,ALL,NESTED,ALL,ALL,0,10,DAYS,720,DAYS,0,2024-07-07 16:01:53.736 +0300,,true,,,,,
2022,158,2,1515,ALL,NESTED,ALL,ALL,0,10,DAYS,720,DAYS,0,2024-07-07 16:01:53.736 +0300,,true,,,,,
2023,158,2,1516,ALL,NESTED,ALL,ALL,0,10,DAYS,720,DAYS,0,2024-07-07 16:01:53.736 +0300,,true,,,,,
2024,158,2,1517,ALL,NESTED,ALL,ALL,0,10,DAYS,720,DAYS,0,2024-07-07 16:01:53.736 +0300,,true,,,,,
2025,158,2,1518,ALL,NESTED,ALL,ALL,0,10,DAYS,720,DAYS,0,2024-07-07 16:01:53.736 +0300,,true,,,,,
2026,158,2,1519,ALL,NESTED,ALL,ALL,0,10,DAYS,720,DAYS,0,2024-07-07 16:01:53.736 +0300,,true,,,,,
2027,158,2,1520,ALL,NESTED,ALL,ALL,0,10,DAYS,720,DAYS,0,2024-07-07 16:01:53.736 +0300,,true,,,,,
2028,158,2,1521,ALL,NESTED,ALL,ALL,0,10,DAYS,720,DAYS,0,2024-07-07 16:01:53.736 +0300,,true,,,,,
2029,158,2,1522,ALL,NESTED,ALL,ALL,0,10,DAYS,720,DAYS,0,2024-07-07 16:01:53.736 +0300,,true,,,,,
2030,158,2,1523,ALL,NESTED,ALL,ALL,0,10,DAYS,720,DAYS,0,2024-07-07 16:01:53.736 +0300,,true,,,,,
2031,158,2,1524,ALL,NESTED,ALL,ALL,0,10,DAYS,720,DAYS,0,2024-07-07 16:01:53.736 +0300,,true,,,,,
2032,158,2,1525,ALL,NESTED,ALL,ALL,0,10,DAYS,720,DAYS,0,2024-07-07 16:01:53.736 +0300,,true,,,,,
2034,158,2,1527,ALL,NESTED,ALL,ALL,0,10,DAYS,720,DAYS,0,2024-07-07 16:01:53.736 +0300,,true,,,,,
2035,158,2,1528,ALL,NESTED,ALL,ALL,0,10,DAYS,720,DAYS,0,2024-07-07 16:01:53.736 +0300,,true,,,,,
2036,158,2,1529,ALL,NESTED,ALL,ALL,0,10,DAYS,720,DAYS,0,2024-07-07 16:01:53.736 +0300,,true,,,,,
2037,158,2,1530,ALL,NESTED,ALL,ALL,0,10,DAYS,720,DAYS,0,2024-07-07 16:01:53.736 +0300,,true,,,,,
2045,158,2,1538,ALL,NESTED,ALL,ALL,0,10,DAYS,720,DAYS,0,2024-07-07 16:01:53.736 +0300,,true,,,,,
1992,158,2,1485,ALL,NESTED,ALL,ALL,0,10,DAYS,720,DAYS,0,2024-07-07 16:01:53.736 +0300,,true,,,,,
1997,158,2,1490,ALL,NESTED,ALL,ALL,0,10,DAYS,720,DAYS,0,2024-07-07 16:01:53.736 +0300,,true,,,,,
1993,158,2,1486,ALL,NESTED,ALL,ALL,0,10,DAYS,720,DAYS,0,2024-07-07 16:01:53.736 +0300,,true,,,,,
1994,158,2,1487,ALL,NESTED,ALL,ALL,0,10,DAYS,720,DAYS,0,2024-07-07 16:01:53.736 +0300,,true,,,,,
2033,158,2,1526,ALL,NESTED,ALL,ALL,0,10,DAYS,720,DAYS,0,2024-07-07 16:01:53.736 +0300,,true,,,,,
2058,158,2,1551,ALL,NESTED,ALL,ALL,0,10,DAYS,720,DAYS,0,2025-06-24 12:37:35.000 +0300,,true,,,,,
2095,159,2,1113,ALL,NESTED,ALL,ALL,0,10,DAYS,720,DAYS,0,2025-06-24 13:05:54.000 +0300,,true,,,,,
2097,159,2,1116,ALL,NESTED,ALL,ALL,0,10,DAYS,720,DAYS,0,2024-07-07 16:01:53.736 +0300,,true,,,,,
2094,159,2,1111,ALL,NESTED,ALL,ALL,0,10,DAYS,720,DAYS,0,2025-06-24 13:05:58.000 +0300,,true,,,,,
2049,158,2,1542,ALL,NESTED,ALL,ALL,0,10,DAYS,720,DAYS,0,2024-07-07 16:01:53.736 +0300,,true,,,,,
2050,158,2,1543,ALL,NESTED,ALL,ALL,0,10,DAYS,720,DAYS,0,2024-07-07 16:01:53.736 +0300,,true,,,,,
2051,158,2,1544,ALL,NESTED,ALL,ALL,0,10,DAYS,720,DAYS,0,2024-07-07 16:01:53.736 +0300,,true,,,,,
2052,158,2,1545,ALL,NESTED,ALL,ALL,0,10,DAYS,720,DAYS,0,2024-07-07 16:01:53.736 +0300,,true,,,,,
2053,158,2,1546,ALL,NESTED,ALL,ALL,0,10,DAYS,720,DAYS,0,2024-07-07 16:01:53.736 +0300,,true,,,,,
2054,158,2,1547,ALL,NESTED,ALL,ALL,0,10,DAYS,720,DAYS,0,2024-07-07 16:01:53.736 +0300,,true,,,,,
2055,158,2,1548,ALL,NESTED,ALL,ALL,0,10,DAYS,720,DAYS,0,2024-07-07 16:01:53.736 +0300,,true,,,,,
2059,158,2,1552,ALL,NESTED,ALL,ALL,0,10,DAYS,720,DAYS,0,2025-06-24 12:37:36.000 +0300,,true,,,,,
2060,158,2,1553,ALL,NESTED,ALL,ALL,0,10,DAYS,720,DAYS,0,2024-07-07 16:01:53.736 +0300,,true,,,,,
2046,158,2,1539,ALL,NESTED,ALL,ALL,0,10,DAYS,720,DAYS,0,2024-07-07 16:01:53.736 +0300,,true,,,,,
2061,158,2,1554,ALL,NESTED,ALL,ALL,0,10,DAYS,720,DAYS,0,2024-07-07 16:01:53.736 +0300,,true,,,,,
2062,158,2,1555,ALL,NESTED,ALL,ALL,0,10,DAYS,720,DAYS,0,2024-07-07 16:01:53.736 +0300,,true,,,,,
2063,158,2,1556,ALL,NESTED,ALL,ALL,0,10,DAYS,720,DAYS,0,2024-07-07 16:01:53.736 +0300,,true,,,,,
2064,158,2,1557,ALL,NESTED,ALL,ALL,0,10,DAYS,720,DAYS,0,2024-07-07 16:01:53.736 +0300,,true,,,,,
2065,158,2,1558,ALL,NESTED,ALL,ALL,0,10,DAYS,720,DAYS,0,2024-07-07 16:01:53.736 +0300,,true,,,,,
2066,158,2,1559,ALL,NESTED,ALL,ALL,0,10,DAYS,720,DAYS,0,2024-07-07 16:01:53.736 +0300,,true,,,,,
2067,158,2,1560,ALL,NESTED,ALL,ALL,0,10,DAYS,720,DAYS,0,2024-07-07 16:01:53.736 +0300,,true,,,,,
2068,158,2,1561,ALL,NESTED,ALL,ALL,0,10,DAYS,720,DAYS,0,2024-07-07 16:01:53.736 +0300,,true,,,,,
2069,158,2,1562,ALL,NESTED,ALL,ALL,0,10,DAYS,720,DAYS,0,2024-07-07 16:01:53.736 +0300,,true,,,,,
2070,158,2,1563,ALL,NESTED,ALL,ALL,0,10,DAYS,720,DAYS,0,2024-07-07 16:01:53.736 +0300,,true,,,,,
2071,158,2,1564,ALL,NESTED,ALL,ALL,0,10,DAYS,720,DAYS,0,2024-07-07 16:01:53.736 +0300,,true,,,,,
2072,158,2,1565,ALL,NESTED,ALL,ALL,0,10,DAYS,720,DAYS,0,2024-07-07 16:01:53.736 +0300,,true,,,,,
2073,158,2,1566,ALL,NESTED,ALL,ALL,0,10,DAYS,720,DAYS,0,2024-07-07 16:01:53.736 +0300,,true,,,,,
2074,158,2,1567,ALL,NESTED,ALL,ALL,0,10,DAYS,720,DAYS,0,2024-07-07 16:01:53.736 +0300,,true,,,,,
2075,158,2,1568,ALL,NESTED,ALL,ALL,0,10,DAYS,720,DAYS,0,2024-07-07 16:01:53.736 +0300,,true,,,,,
2076,158,2,1569,ALL,NESTED,ALL,ALL,0,10,DAYS,720,DAYS,0,2024-07-07 16:01:53.736 +0300,,true,,,,,
2077,158,2,1570,ALL,NESTED,ALL,ALL,0,10,DAYS,720,DAYS,0,2024-07-07 16:01:53.736 +0300,,true,,,,,
2078,158,2,1571,ALL,NESTED,ALL,ALL,0,10,DAYS,720,DAYS,0,2024-07-07 16:01:53.736 +0300,,true,,,,,
2079,158,2,1572,ALL,NESTED,ALL,ALL,0,10,DAYS,720,DAYS,0,2024-07-07 16:01:53.736 +0300,,true,,,,,
2080,158,2,1573,ALL,NESTED,ALL,ALL,0,10,DAYS,720,DAYS,0,2024-07-07 16:01:53.736 +0300,,true,,,,,
2081,158,2,1574,ALL,NESTED,ALL,ALL,0,10,DAYS,720,DAYS,0,2024-07-07 16:01:53.736 +0300,,true,,,,,
2082,158,2,1575,ALL,NESTED,ALL,ALL,0,10,DAYS,720,DAYS,0,2024-07-07 16:01:53.736 +0300,,true,,,,,
2083,158,2,1576,ALL,NESTED,ALL,ALL,0,10,DAYS,720,DAYS,0,2024-07-07 16:01:53.736 +0300,,true,,,,,
2084,158,2,1577,ALL,NESTED,ALL,ALL,0,10,DAYS,720,DAYS,0,2024-07-07 16:01:53.736 +0300,,true,,,,,
2085,158,2,1578,ALL,NESTED,ALL,ALL,0,10,DAYS,720,DAYS,0,2024-07-07 16:01:53.736 +0300,,true,,,,,
2086,158,2,1579,ALL,NESTED,ALL,ALL,0,10,DAYS,720,DAYS,0,2024-07-07 16:01:53.736 +0300,,true,,,,,
2087,158,2,1580,ALL,NESTED,ALL,ALL,0,10,DAYS,720,DAYS,0,2024-07-07 16:01:53.736 +0300,,true,,,,,
2088,158,2,1581,ALL,NESTED,ALL,ALL,0,10,DAYS,720,DAYS,0,2024-07-07 16:01:53.736 +0300,,true,,,,,
2089,158,2,1582,ALL,NESTED,ALL,ALL,0,10,DAYS,720,DAYS,0,2024-07-07 16:01:53.736 +0300,,true,,,,,
2090,158,2,1583,ALL,NESTED,ALL,ALL,0,10,DAYS,720,DAYS,0,2024-07-07 16:01:53.736 +0300,,true,,,,,
2091,158,2,1584,ALL,NESTED,ALL,ALL,0,10,DAYS,720,DAYS,0,2024-07-07 16:01:53.736 +0300,,true,,,,,
2092,158,2,1585,ALL,NESTED,ALL,ALL,0,10,DAYS,720,DAYS,0,2024-07-07 16:01:53.736 +0300,,true,,,,,
2093,158,2,1586,ALL,NESTED,ALL,ALL,0,10,DAYS,720,DAYS,0,2024-07-07 16:01:53.736 +0300,,true,,,,,
2099,160,2,1115,ALL,NESTED,ALL,ALL,0,10,DAYS,720,DAYS,0,2024-07-07 16:01:53.736 +0300,,true,,,,,
2098,160,2,1112,ALL,NESTED,ALL,ALL,0,10,DAYS,720,DAYS,0,2025-06-24 13:05:58.000 +0300,,true,,,,,
2048,158,2,1541,ALL,NESTED,ALL,ALL,0,10,DAYS,720,DAYS,0,2024-07-07 16:01:53.736 +0300,,true,,,,,
1853,138,2,1405,ALL,NESTED,ALL,ALL,0,10,DAYS,720,DAYS,0,2024-07-07 16:01:53.736 +0300,,true,,,,,
1854,138,2,1408,ALL,NESTED,ALL,ALL,0,10,DAYS,720,DAYS,0,2024-07-07 16:01:53.736 +0300,,true,,,,,
1855,138,2,1413,ALL,NESTED,ALL,ALL,0,10,DAYS,720,DAYS,0,2024-07-07 16:01:53.736 +0300,,true,,,,,
2105,163,2,1616,ALL,NESTED,ALL,ALL,0,10,DAYS,72,DAYS,0,2024-07-07 16:01:53.736 +0300,,true,,,,,
2106,163,2,1623,ALL,NESTED,ALL,ALL,0,10,DAYS,72,DAYS,0,2024-07-07 16:01:53.736 +0300,,true,,,,,
2109,169,2,1641,ALL,NESTED,ALL,ALL,0,10,DAYS,72,DAYS,0,2024-07-07 16:01:53.736 +0300,,true,,,,,
2110,170,2,1637,ALL,NESTED,ALL,ALL,0,10,DAYS,72,DAYS,0,2024-07-07 16:01:53.736 +0300,,true,,,,,
2113,174,2,1641,ALL,NESTED,ALL,ALL,0,10,DAYS,72,DAYS,0,2024-07-07 16:01:53.736 +0300,,true,,,,,
2114,175,2,1637,ALL,NESTED,ALL,ALL,0,10,DAYS,72,DAYS,0,2024-07-07 16:01:53.736 +0300,,true,,,,,
2115,176,2,1641,ALL,NESTED,ALL,ALL,0,10,DAYS,72,DAYS,0,2024-07-07 16:01:53.736 +0300,,true,,,,,
2116,177,2,1637,ALL,NESTED,ALL,ALL,0,10,DAYS,72,DAYS,0,2024-07-07 16:01:53.736 +0300,,true,,,,,
2117,178,2,1641,ALL,NESTED,ALL,ALL,0,10,DAYS,72,DAYS,0,2024-07-07 16:01:53.736 +0300,,true,,,,,
2118,179,2,1637,ALL,NESTED,ALL,ALL,0,10,DAYS,72,DAYS,0,2024-07-07 16:01:53.736 +0300,,true,,,,,
2121,181,2,1642,ALL,NESTED,ALL,ALL,0,10,DAYS,72,DAYS,0,2024-07-07 16:01:53.736 +0300,,true,,,,,
2122,182,2,1635,ALL,NESTED,ALL,ALL,0,10,DAYS,72,DAYS,0,2024-07-07 16:01:53.736 +0300,,true,,,,,
2123,182,2,1643,ALL,NESTED,ALL,ALL,0,10,DAYS,72,DAYS,0,2024-07-07 16:01:53.736 +0300,,true,,,,,
2124,183,2,1612,ALL,NESTED,ALL,ALL,0,10,DAYS,72,DAYS,0,2024-07-07 16:01:53.736 +0300,,true,,,,,
2125,183,2,1615,ALL,NESTED,ALL,ALL,0,10,DAYS,72,DAYS,0,2024-07-07 16:01:53.736 +0300,,true,,,,,
2126,183,2,1622,ALL,NESTED,ALL,ALL,0,10,DAYS,72,DAYS,0,2024-07-07 16:01:53.736 +0300,,true,,,,,
1687,132,2,1244,ALL,NESTED,ALL,ALL,0,10,DAYS,72,DAYS,0,2025-06-25 18:27:20.000 +0300,,true,,,,,
1717,132,2,1607,ALL,NESTED,ALL,ALL,0,10,DAYS,72,DAYS,0,2025-06-26 20:29:48.000 +0300,,true,,,,,
2107,164,2,1621,ALL,NESTED,ALL,ALL,0,10,DAYS,720,DAYS,0,2025-06-24 14:31:31.000 +0300,,true,,,,,
2108,165,2,1641,ALL,NESTED,ALL,ALL,0,10,DAYS,72,DAYS,0,2025-06-24 16:13:50.000 +0300,,true,,,,,
1214,122,2,1157,ALL,NESTED,ALL,ALL,0,10,DAYS,365,DAYS,0,2024-07-07 16:01:53.736 +0300,,true,,,,,
1228,122,2,1231,ALL,NESTED,ALL,ALL,0,10,DAYS,365,DAYS,0,2024-07-07 16:01:53.736 +0300,,true,,,,,
1265,122,2,1392,ALL,NESTED,ALL,ALL,0,10,DAYS,365,DAYS,0,2024-07-07 16:01:53.736 +0300,,true,,,,,
1274,122,2,1639,ALL,NESTED,ALL,ALL,0,10,DAYS,365,DAYS,0,2025-06-24 17:00:34.000 +0300,,true,,,,,
1596,131,2,1127,ALL,NESTED,ALL,ALL,0,10,DAYS,365,DAYS,0,2024-07-07 16:01:53.736 +0300,,true,,,,,
1604,131,2,1157,ALL,NESTED,ALL,ALL,0,10,DAYS,365,DAYS,0,2024-07-07 16:01:53.736 +0300,,true,,,,,
1115,111,2,1608,ALL,NESTED,ALL,ALL,0,10,DAYS,720,DAYS,0,2025-06-25 17:38:54.000 +0300,,true,,,,,
1116,111,2,1609,ALL,NESTED,ALL,ALL,0,10,DAYS,720,DAYS,0,2025-06-25 17:39:40.000 +0300,,true,,,,,
1606,131,2,1166,ALL,NESTED,ALL,ALL,0,10,DAYS,365,DAYS,0,2024-07-07 16:01:53.736 +0300,,true,,,,,
1610,131,2,1179,ALL,NESTED,ALL,ALL,0,10,DAYS,365,DAYS,0,2024-07-07 16:01:53.736 +0300,,true,,,,,
1619,131,2,1237,ALL,NESTED,ALL,ALL,0,10,DAYS,365,DAYS,0,2024-07-07 16:01:53.736 +0300,,true,,,,,
1652,131,2,1372,ALL,NESTED,ALL,ALL,0,10,DAYS,365,DAYS,0,2024-07-07 16:01:53.736 +0300,,true,,,,,
1199,121,2,1192,ALL,NESTED,ALL,ALL,0,10,DAYS,365,DAYS,0,2024-07-07 16:01:53.736 +0300,,false,,,,,
2102,161,2,1624,ALL,NESTED,ALL,ALL,0,10,DAYS,500,DAYS,0,2024-07-07 16:01:53.736 +0300,,true,,,,,
2101,161,2,1617,ALL,NESTED,ALL,ALL,0,10,DAYS,500,DAYS,0,2024-07-07 16:01:53.736 +0300,,true,,,,,
2104,163,2,1613,ALL,NESTED,ALL,ALL,0,10,DAYS,500,DAYS,0,2025-06-24 13:12:19.000 +0300,,true,,,,,
2119,180,2,1636,ALL,NESTED,ALL,ALL,0,10,DAYS,720,DAYS,0,2024-07-07 16:01:53.736 +0300,,true,,,,,
2103,162,2,1620,ALL,NESTED,ALL,ALL,0,10,DAYS,720,DAYS,0,2025-06-24 14:30:46.000 +0300,,true,,,,,
2040,158,2,1533,ALL,NESTED,ALL,ALL,0,10,DAYS,720,DAYS,0,2025-06-24 12:36:54.000 +0300,,true,,,,,
2042,158,2,1535,ALL,NESTED,ALL,ALL,0,10,DAYS,720,DAYS,0,2025-06-24 12:36:53.000 +0300,,true,,,,,
1991,158,2,1484,ALL,NESTED,ALL,ALL,0,10,DAYS,720,DAYS,0,2024-07-07 16:01:53.736 +0300,,true,,,,,
1982,158,2,1475,ALL,NESTED,ALL,ALL,0,10,DAYS,720,DAYS,0,2025-06-24 12:36:11.000 +0300,,true,,,,,
1984,158,2,1477,ALL,NESTED,ALL,ALL,0,10,DAYS,720,DAYS,0,2025-06-24 12:36:51.000 +0300,,true,,,,,
2111,171,2,1626,ALL,NESTED,ALL,ALL,0,10,DAYS,720,DAYS,0,2024-07-07 16:01:53.736 +0300,,true,,,,,
2112,171,2,1640,ALL,NESTED,ALL,ALL,0,10,DAYS,720,DAYS,0,2025-06-24 17:00:26.000 +0300,,true,,,,,
2120,180,2,1644,ALL,NESTED,ALL,ALL,0,10,DAYS,720,DAYS,0,2025-06-24 17:20:12.000 +0300,,true,,,,,
1856,138,2,1416,ALL,NESTED,ALL,ALL,0,10,DAYS,720,DAYS,0,2024-07-07 16:01:53.736 +0300,,true,,,,,
2041,158,2,1534,ALL,NESTED,ALL,ALL,0,10,DAYS,720,DAYS,0,2025-06-24 12:36:53.000 +0300,,true,,,,,
1858,138,2,1422,ALL,NESTED,ALL,ALL,0,10,DAYS,720,DAYS,0,2024-07-07 16:01:53.736 +0300,,true,,,,,
1999,158,2,1492,ALL,NESTED,ALL,ALL,0,10,DAYS,720,DAYS,0,2024-07-07 16:01:53.736 +0300,,true,,,,,
2003,158,2,1496,ALL,NESTED,ALL,ALL,0,10,DAYS,720,DAYS,0,2024-07-07 16:01:53.736 +0300,,true,,,,,
1859,138,2,1425,ALL,NESTED,ALL,ALL,0,10,DAYS,720,DAYS,0,2024-07-07 16:01:53.736 +0300,,true,,,,,
1860,138,2,1428,ALL,NESTED,ALL,ALL,0,10,DAYS,720,DAYS,0,2024-07-07 16:01:53.736 +0300,,true,,,,,
1861,138,2,1431,ALL,NESTED,ALL,ALL,0,10,DAYS,720,DAYS,0,2024-07-07 16:01:53.736 +0300,,true,,,,,
1988,158,2,1481,ALL,NESTED,ALL,ALL,0,10,DAYS,720,DAYS,0,2025-06-24 12:36:43.000 +0300,,true,,,,,
2057,158,2,1550,ALL,NESTED,ALL,ALL,0,10,DAYS,720,DAYS,0,2025-06-24 12:37:35.000 +0300,,true,,,,,
1989,158,2,1482,ALL,NESTED,ALL,ALL,0,10,DAYS,720,DAYS,0,2024-07-07 16:01:53.736 +0300,,true,,,,,
1863,138,2,1437,ALL,NESTED,ALL,ALL,0,10,DAYS,720,DAYS,0,2024-07-07 16:01:53.736 +0300,,true,,,,,
1986,158,2,1479,ALL,NESTED,ALL,ALL,0,10,DAYS,720,DAYS,0,2025-06-24 12:36:55.000 +0300,,true,,,,,
1864,138,2,1440,ALL,NESTED,ALL,ALL,0,10,DAYS,720,DAYS,0,2024-07-07 16:01:53.736 +0300,,true,,,,,
1865,138,2,1444,ALL,NESTED,ALL,ALL,0,10,DAYS,720,DAYS,0,2024-07-07 16:01:53.736 +0300,,true,,,,,
1866,138,2,1593,ALL,NESTED,ALL,ALL,0,10,DAYS,720,DAYS,0,2024-07-07 16:01:53.736 +0300,,true,,,,,
1867,138,2,1596,ALL,NESTED,ALL,ALL,0,10,DAYS,720,DAYS,0,2024-07-07 16:01:53.736 +0300,,true,,,,,
1884,139,2,1443,ALL,NESTED,ALL,ALL,0,10,DAYS,360,DAYS,0,2024-07-07 16:01:53.736 +0300,,true,,,,,
1885,139,2,1592,ALL,NESTED,ALL,ALL,0,10,DAYS,360,DAYS,0,2024-07-07 16:01:53.736 +0300,,true,,,,,
1886,139,2,1595,ALL,NESTED,ALL,ALL,0,10,DAYS,360,DAYS,0,2024-07-07 16:01:53.736 +0300,,true,,,,,
