"id","flow_id","engine_type","engine_id","engine_status","execute_order","is_jvm_param","jvm_param","last_execute_pid","last_execute_time","is_continue_after_timout","timeout_threshold_min","is_active","created_time","created_by","updated_time","updated_by","extra_info"
42,116,VALIDATION,117,STOPPED,2,false,,,,false,120,false,,,,,
45,116,AGGREGATE,117,STOPPED,5,false,,,,false,120,false,,,,,
66,119,VALIDATION,117,STOPPED,2,false,,,,false,120,false,,,,,
231,139,ARCHIVE,117,STOPPED,7,false,,,,false,120,false,,,,,
286,146,EXPORT,117,STOPPED,6,false,,,,false,120,false,,,,,
287,146,ARCHIVE,117,STOPPED,7,false,,,,false,120,false,,,,,
301,148,AGGREGATE,117,STOPPED,5,false,,,,false,120,false,,,,,
585,184,TRANSFER,,STOPPED,1,,,,,,,true,2026-02-23 17:54:15.856 +0300,system,2026-02-23 17:54:15.856 +0300,system,
586,184,PARSE,,STOPPED,2,,,,,,,true,2026-02-23 17:54:15.857 +0300,system,2026-02-23 17:54:15.857 +0300,system,
587,185,TRANSFER,,STOPPED,1,,,,,,,true,2026-02-23 17:54:16.592 +0300,system,2026-02-23 17:54:16.592 +0300,system,
588,185,PARSE,,STOPPED,2,,,,,,,true,2026-02-23 17:54:16.592 +0300,system,2026-02-23 17:54:16.592 +0300,system,
25,114,TRANSFER,117,TRIGGERED,1,false,,,,false,120,true,,,,,
99,123,PARSE,117,TRIGGERED,3,false,,,,false,120,true,,,,,
245,141,AGGREGATE,117,TRIGGERED,5,false,,,,false,120,false,,,,,
403,161,PARSE,117,TRIGGERED,3,false,,,,false,120,true,,,,,
404,161,LOADER,117,TRIGGERED,4,false,,,,false,120,false,,,,,
405,161,AGGREGATE,117,TRIGGERED,5,false,,,,false,120,false,,,,,
406,161,EXPORT,117,TRIGGERED,6,false,,,,false,120,false,,,,,
407,161,ARCHIVE,117,TRIGGERED,7,false,,,,false,120,false,,,,,
408,161,NODIUS,117,TRIGGERED,8,false,,,,false,120,false,,,,,
482,171,VALIDATION,117,TRIGGERED,2,false,,,,false,120,false,,,,,
483,171,PARSE,117,TRIGGERED,3,false,,,,false,120,true,,,,,
484,171,LOADER,117,TRIGGERED,4,false,,,,false,120,false,,,,,
485,171,AGGREGATE,117,TRIGGERED,5,false,,,,false,120,false,,,,,
486,171,EXPORT,117,TRIGGERED,6,false,,,,false,120,false,,,,,
487,171,ARCHIVE,117,TRIGGERED,7,false,,,,false,120,false,,,,,
488,171,NODIUS,117,TRIGGERED,8,false,,,,false,120,false,,,,,
78,120,EXPORT,117,TRIGGERED,6,false,,,,false,120,false,,,,,
166,131,EXPORT,117,TRIGGERED,6,false,,,,false,120,false,,,,,
195,135,PARSE,117,TRIGGERED,3,false,,,,false,120,true,,,,,
233,140,TRANSFER,117,TRIGGERED,1,false,,,,false,120,true,,,,,
346,154,VALIDATION,117,TRIGGERED,2,false,,,,false,120,false,,,,,
401,161,TRANSFER,117,RUNNING,1,false,,"10328",2026-02-23 18:02:06.982 +0300,false,120,true,,,,,
241,141,TRANSFER,117,RUNNING,1,false,,"18524",2026-02-23 18:02:04.841 +0300,false,120,true,,,,,
137,128,TRANSFER,117,TRIGGERED,1,false,,,,false,120,true,,,,,
292,147,LOADER,117,TRIGGERED,4,false,,,,false,120,false,,,,,
146,129,VALIDATION,117,TRIGGERED,2,false,,,,false,120,false,,,,,
481,171,TRANSFER,117,RUNNING,1,false,,"44580",2026-02-27 02:20:05.270 +0300,false,120,true,,,,,
1,111,TRANSFER,117,RUNNING,1,false,,"43940",2026-02-27 02:20:02.971 +0300,false,120,true,,,,,
402,161,VALIDATION,117,STOPPED,2,false,,,,false,120,false,,,,,
367,156,ARCHIVE,117,STOPPED,7,false,,,,false,120,false,,,,,
28,114,LOADER,117,TRIGGERED,4,false,,,,false,120,false,,,,,
29,114,AGGREGATE,117,TRIGGERED,5,false,,,,false,120,false,,,,,
30,114,EXPORT,117,TRIGGERED,6,false,,,,false,120,false,,,,,
31,114,ARCHIVE,117,TRIGGERED,7,false,,,,false,120,false,,,,,
32,114,NODIUS,117,TRIGGERED,8,false,,,,false,120,false,,,,,
500,173,LOADER,117,TRIGGERED,4,false,,,,false,120,false,,,,,
169,132,TRANSFER,117,TRIGGERED,1,false,,,,false,120,true,,,,,
170,132,VALIDATION,117,TRIGGERED,2,false,,,,false,120,false,,,,,
171,132,PARSE,117,TRIGGERED,3,false,,,,false,120,true,,,,,
172,132,LOADER,117,TRIGGERED,4,false,,,,false,120,false,,,,,
173,132,AGGREGATE,117,TRIGGERED,5,false,,,,false,120,false,,,,,
174,132,EXPORT,117,TRIGGERED,6,false,,,,false,120,false,,,,,
175,132,ARCHIVE,117,TRIGGERED,7,false,,,,false,120,false,,,,,
176,132,NODIUS,117,TRIGGERED,8,false,,,,false,120,false,,,,,
469,169,AGGREGATE,117,TRIGGERED,5,false,,,,false,120,false,,,,,
437,165,AGGREGATE,117,TRIGGERED,5,false,,,,false,120,false,,,,,
529,177,TRANSFER,117,RUNNING,1,false,,"15596",2026-02-27 02:20:04.219 +0300,false,120,true,,,,,
98,123,VALIDATION,117,TRIGGERED,2,false,,,,false,120,false,,,,,
100,123,LOADER,117,TRIGGERED,4,false,,,,false,120,false,,,,,
101,123,AGGREGATE,117,TRIGGERED,5,false,,,,false,120,false,,,,,
102,123,EXPORT,117,TRIGGERED,6,false,,,,false,120,false,,,,,
103,123,ARCHIVE,117,TRIGGERED,7,false,,,,false,120,false,,,,,
104,123,NODIUS,117,TRIGGERED,8,false,,,,false,120,false,,,,,
161,131,TRANSFER,117,TRIGGERED,1,false,,,,false,120,true,,,,,
162,131,VALIDATION,117,TRIGGERED,2,false,,,,false,120,false,,,,,
163,131,PARSE,117,TRIGGERED,3,false,,,,false,120,true,,,,,
164,131,LOADER,117,TRIGGERED,4,false,,,,false,120,false,,,,,
165,131,AGGREGATE,117,TRIGGERED,5,false,,,,false,120,false,,,,,
167,131,ARCHIVE,117,TRIGGERED,7,false,,,,false,120,false,,,,,
168,131,NODIUS,117,TRIGGERED,8,false,,,,false,120,false,,,,,
584,183,NODIUS,117,TRIGGERED,8,false,,,,false,120,false,,,,,
97,123,TRANSFER,117,RUNNING,1,false,,"39616",2026-02-27 02:20:04.076 +0300,false,120,true,,,,,
91,122,PARSE,117,TRIGGERED,3,false,,,,false,120,true,,,,,
92,122,LOADER,117,TRIGGERED,4,false,,,,false,120,false,,,,,
93,122,AGGREGATE,117,TRIGGERED,5,false,,,,false,120,false,,,,,
94,122,EXPORT,117,TRIGGERED,6,false,,,,false,120,false,,,,,
95,122,ARCHIVE,117,TRIGGERED,7,false,,,,false,120,false,,,,,
96,122,NODIUS,117,TRIGGERED,8,false,,,,false,120,false,,,,,
192,134,NODIUS,117,TRIGGERED,8,false,,,,false,120,false,,,,,
89,122,TRANSFER,117,RUNNING,1,false,,"17444",2026-02-23 18:02:09.136 +0300,false,120,true,,,,,
90,122,VALIDATION,117,STOPPED,2,false,,,,false,120,false,,,,,
114,125,VALIDATION,117,TRIGGERED,2,false,,,,false,120,false,,,,,
115,125,PARSE,117,TRIGGERED,3,false,,,,false,120,true,,,,,
116,125,LOADER,117,TRIGGERED,4,false,,,,false,120,false,,,,,
117,125,AGGREGATE,117,TRIGGERED,5,false,,,,false,120,false,,,,,
118,125,EXPORT,117,TRIGGERED,6,false,,,,false,120,false,,,,,
119,125,ARCHIVE,117,TRIGGERED,7,false,,,,false,120,false,,,,,
120,125,NODIUS,117,TRIGGERED,8,false,,,,false,120,false,,,,,
193,135,TRANSFER,117,TRIGGERED,1,false,,,,false,120,true,,,,,
194,135,VALIDATION,117,TRIGGERED,2,false,,,,false,120,false,,,,,
196,135,LOADER,117,TRIGGERED,4,false,,,,false,120,false,,,,,
197,135,AGGREGATE,117,TRIGGERED,5,false,,,,false,120,false,,,,,
198,135,EXPORT,117,TRIGGERED,6,false,,,,false,120,false,,,,,
199,135,ARCHIVE,117,TRIGGERED,7,false,,,,false,120,false,,,,,
200,135,NODIUS,117,TRIGGERED,8,false,,,,false,120,false,,,,,
513,175,TRANSFER,117,TRIGGERED,1,false,,,,false,120,true,,,,,
514,175,VALIDATION,117,TRIGGERED,2,false,,,,false,120,false,,,,,
515,175,PARSE,117,TRIGGERED,3,false,,,,false,120,true,,,,,
516,175,LOADER,117,TRIGGERED,4,false,,,,false,120,false,,,,,
517,175,AGGREGATE,117,TRIGGERED,5,false,,,,false,120,false,,,,,
518,175,EXPORT,117,TRIGGERED,6,false,,,,false,120,false,,,,,
519,175,ARCHIVE,117,TRIGGERED,7,false,,,,false,120,false,,,,,
520,175,NODIUS,117,TRIGGERED,8,false,,,,false,120,false,,,,,
272,144,NODIUS,117,TRIGGERED,8,false,,,,false,120,false,,,,,
113,125,TRANSFER,117,RUNNING,1,false,,"27296",2026-02-27 02:20:03.169 +0300,false,120,true,,,,,
398,160,EXPORT,117,STOPPED,6,false,,,,false,120,false,,,,,
82,121,VALIDATION,117,TRIGGERED,2,false,,,,false,120,false,,,,,
83,121,PARSE,117,TRIGGERED,3,false,,,,false,120,true,,,,,
84,121,LOADER,117,TRIGGERED,4,false,,,,false,120,false,,,,,
85,121,AGGREGATE,117,TRIGGERED,5,false,,,,false,120,false,,,,,
86,121,EXPORT,117,TRIGGERED,6,false,,,,false,120,false,,,,,
87,121,ARCHIVE,117,TRIGGERED,7,false,,,,false,120,false,,,,,
88,121,NODIUS,117,TRIGGERED,8,false,,,,false,120,false,,,,,
243,141,PARSE,117,TRIGGERED,3,false,,,,false,120,true,,,,,
244,141,LOADER,117,TRIGGERED,4,false,,,,false,120,false,,,,,
246,141,EXPORT,117,TRIGGERED,6,false,,,,false,120,false,,,,,
247,141,ARCHIVE,117,TRIGGERED,7,false,,,,false,120,false,,,,,
248,141,NODIUS,117,TRIGGERED,8,false,,,,false,120,false,,,,,
307,149,PARSE,117,TRIGGERED,3,false,,,,false,120,true,,,,,
308,149,LOADER,117,TRIGGERED,4,false,,,,false,120,false,,,,,
309,149,AGGREGATE,117,TRIGGERED,5,false,,,,false,120,false,,,,,
310,149,EXPORT,117,TRIGGERED,6,false,,,,false,120,false,,,,,
311,149,ARCHIVE,117,TRIGGERED,7,false,,,,false,120,false,,,,,
312,149,NODIUS,117,TRIGGERED,8,false,,,,false,120,false,,,,,
537,178,TRANSFER,117,TRIGGERED,1,false,,,,false,120,true,,,,,
538,178,VALIDATION,117,TRIGGERED,2,false,,,,false,120,false,,,,,
539,178,PARSE,117,TRIGGERED,3,false,,,,false,120,true,,,,,
540,178,LOADER,117,TRIGGERED,4,false,,,,false,120,false,,,,,
541,178,AGGREGATE,117,TRIGGERED,5,false,,,,false,120,false,,,,,
542,178,EXPORT,117,TRIGGERED,6,false,,,,false,120,false,,,,,
543,178,ARCHIVE,117,TRIGGERED,7,false,,,,false,120,false,,,,,
544,178,NODIUS,117,TRIGGERED,8,false,,,,false,120,false,,,,,
81,121,TRANSFER,117,RUNNING,1,false,,"44208",2026-02-27 02:20:03.002 +0300,false,120,true,,,,,
306,149,VALIDATION,117,STOPPED,2,false,,,,false,120,false,,,,,
129,127,TRANSFER,117,STOPPED,1,false,,,,false,120,true,,,,,
130,127,VALIDATION,117,STOPPED,2,false,,,,false,120,false,,,,,
131,127,PARSE,117,STOPPED,3,false,,,,false,120,true,,,,,
132,127,LOADER,117,STOPPED,4,false,,,,false,120,false,,,,,
133,127,AGGREGATE,117,STOPPED,5,false,,,,false,120,false,,,,,
134,127,EXPORT,117,STOPPED,6,false,,,,false,120,false,,,,,
135,127,ARCHIVE,117,STOPPED,7,false,,,,false,120,false,,,,,
249,142,TRANSFER,117,TRIGGERED,1,false,,,,false,120,true,,,,,
250,142,VALIDATION,117,TRIGGERED,2,false,,,,false,120,false,,,,,
251,142,PARSE,117,TRIGGERED,3,false,,,,false,120,true,,,,,
252,142,LOADER,117,TRIGGERED,4,false,,,,false,120,false,,,,,
253,142,AGGREGATE,117,TRIGGERED,5,false,,,,false,120,false,,,,,
254,142,EXPORT,117,TRIGGERED,6,false,,,,false,120,false,,,,,
255,142,ARCHIVE,117,TRIGGERED,7,false,,,,false,120,false,,,,,
256,142,NODIUS,117,TRIGGERED,8,false,,,,false,120,false,,,,,
378,158,VALIDATION,117,TRIGGERED,2,false,,,,false,120,false,,,,,
379,158,PARSE,117,TRIGGERED,3,false,,,,false,120,true,,,,,
380,158,LOADER,117,TRIGGERED,4,false,,,,false,120,false,,,,,
381,158,AGGREGATE,117,TRIGGERED,5,false,,,,false,120,false,,,,,
382,158,EXPORT,117,TRIGGERED,6,false,,,,false,120,false,,,,,
383,158,ARCHIVE,117,TRIGGERED,7,false,,,,false,120,false,,,,,
384,158,NODIUS,117,TRIGGERED,8,false,,,,false,120,false,,,,,
475,170,PARSE,117,TRIGGERED,3,false,,,,false,120,true,,,,,
476,170,LOADER,117,TRIGGERED,4,false,,,,false,120,false,,,,,
477,170,AGGREGATE,117,TRIGGERED,5,false,,,,false,120,false,,,,,
478,170,EXPORT,117,TRIGGERED,6,false,,,,false,120,false,,,,,
479,170,ARCHIVE,117,TRIGGERED,7,false,,,,false,120,false,,,,,
480,170,NODIUS,117,TRIGGERED,8,false,,,,false,120,false,,,,,
121,126,TRANSFER,117,TRIGGERED,1,false,,,,false,120,true,,,,,
122,126,VALIDATION,117,TRIGGERED,2,false,,,,false,120,false,,,,,
123,126,PARSE,117,TRIGGERED,3,false,,,,false,120,true,,,,,
124,126,LOADER,117,TRIGGERED,4,false,,,,false,120,false,,,,,
125,126,AGGREGATE,117,TRIGGERED,5,false,,,,false,120,false,,,,,
126,126,EXPORT,117,TRIGGERED,6,false,,,,false,120,false,,,,,
127,126,ARCHIVE,117,TRIGGERED,7,false,,,,false,120,false,,,,,
128,126,NODIUS,117,TRIGGERED,8,false,,,,false,120,false,,,,,
473,170,TRANSFER,117,RUNNING,1,false,,"19272",2026-02-23 18:02:07.838 +0300,false,120,true,,,,,
567,181,ARCHIVE,117,TRIGGERED,7,false,,,,false,120,false,,,,,
568,181,NODIUS,117,TRIGGERED,8,false,,,,false,120,false,,,,,
474,170,VALIDATION,117,STOPPED,2,false,,,,false,120,false,,,,,
377,158,TRANSFER,117,STOPPED,1,false,,"39232",2026-02-27 02:20:03.885 +0300,false,120,true,,,,,
329,152,TRANSFER,117,RUNNING,1,false,,"36888",2026-02-23 18:02:06.335 +0300,false,120,true,,,,,
209,137,TRANSFER,117,TRIGGERED,1,false,,,,false,120,true,,,,,
210,137,VALIDATION,117,TRIGGERED,2,false,,,,false,120,false,,,,,
211,137,PARSE,117,TRIGGERED,3,false,,,,false,120,true,,,,,
212,137,LOADER,117,TRIGGERED,4,false,,,,false,120,false,,,,,
213,137,AGGREGATE,117,TRIGGERED,5,false,,,,false,120,false,,,,,
214,137,EXPORT,117,TRIGGERED,6,false,,,,false,120,false,,,,,
215,137,ARCHIVE,117,TRIGGERED,7,false,,,,false,120,false,,,,,
216,137,NODIUS,117,TRIGGERED,8,false,,,,false,120,false,,,,,
138,128,VALIDATION,117,TRIGGERED,2,false,,,,false,120,false,,,,,
139,128,PARSE,117,TRIGGERED,3,false,,,,false,120,true,,,,,
140,128,LOADER,117,TRIGGERED,4,false,,,,false,120,false,,,,,
141,128,AGGREGATE,117,TRIGGERED,5,false,,,,false,120,false,,,,,
142,128,EXPORT,117,TRIGGERED,6,false,,,,false,120,false,,,,,
143,128,ARCHIVE,117,TRIGGERED,7,false,,,,false,120,false,,,,,
144,128,NODIUS,117,TRIGGERED,8,false,,,,false,120,false,,,,,
217,138,TRANSFER,117,TRIGGERED,1,false,,,,false,120,true,,,,,
218,138,VALIDATION,117,TRIGGERED,2,false,,,,false,120,false,,,,,
219,138,PARSE,117,TRIGGERED,3,false,,,,false,120,true,,,,,
220,138,LOADER,117,TRIGGERED,4,false,,,,false,120,false,,,,,
221,138,AGGREGATE,117,TRIGGERED,5,false,,,,false,120,false,,,,,
222,138,EXPORT,117,TRIGGERED,6,false,,,,false,120,false,,,,,
223,138,ARCHIVE,117,TRIGGERED,7,false,,,,false,120,false,,,,,
224,138,NODIUS,117,TRIGGERED,8,false,,,,false,120,false,,,,,
145,129,TRANSFER,117,TRIGGERED,1,false,,,,false,120,true,,,,,
147,129,PARSE,117,TRIGGERED,3,false,,,,false,120,true,,,,,
148,129,LOADER,117,TRIGGERED,4,false,,,,false,120,false,,,,,
149,129,AGGREGATE,117,TRIGGERED,5,false,,,,false,120,false,,,,,
150,129,EXPORT,117,TRIGGERED,6,false,,,,false,120,false,,,,,
151,129,ARCHIVE,117,TRIGGERED,7,false,,,,false,120,false,,,,,
152,129,NODIUS,117,TRIGGERED,8,false,,,,false,120,false,,,,,
136,127,NODIUS,117,STOPPED,8,false,,,,false,120,false,,,,,
153,130,TRANSFER,117,STOPPED,1,false,,,,false,120,true,,,,,
154,130,VALIDATION,117,STOPPED,2,false,,,,false,120,false,,,,,
155,130,PARSE,117,STOPPED,3,false,,,,false,120,true,,,,,
156,130,LOADER,117,STOPPED,4,false,,,,false,120,false,,,,,
157,130,AGGREGATE,117,STOPPED,5,false,,,,false,120,false,,,,,
158,130,EXPORT,117,STOPPED,6,false,,,,false,120,false,,,,,
159,130,ARCHIVE,117,STOPPED,7,false,,,,false,120,false,,,,,
160,130,NODIUS,117,STOPPED,8,false,,,,false,120,false,,,,,
177,133,TRANSFER,117,STOPPED,1,false,,,,false,120,true,,,,,
178,133,VALIDATION,117,STOPPED,2,false,,,,false,120,false,,,,,
179,133,PARSE,117,STOPPED,3,false,,,,false,120,true,,,,,
180,133,LOADER,117,STOPPED,4,false,,,,false,120,false,,,,,
181,133,AGGREGATE,117,STOPPED,5,false,,,,false,120,false,,,,,
182,133,EXPORT,117,STOPPED,6,false,,,,false,120,false,,,,,
183,133,ARCHIVE,117,STOPPED,7,false,,,,false,120,false,,,,,
184,133,NODIUS,117,STOPPED,8,false,,,,false,120,false,,,,,
201,136,TRANSFER,117,STOPPED,1,false,,,,false,120,true,,,,,
202,136,VALIDATION,117,STOPPED,2,false,,,,false,120,false,,,,,
203,136,PARSE,117,STOPPED,3,false,,,,false,120,true,,,,,
204,136,LOADER,117,STOPPED,4,false,,,,false,120,false,,,,,
205,136,AGGREGATE,117,STOPPED,5,false,,,,false,120,false,,,,,
206,136,EXPORT,117,STOPPED,6,false,,,,false,120,false,,,,,
207,136,ARCHIVE,117,STOPPED,7,false,,,,false,120,false,,,,,
208,136,NODIUS,117,STOPPED,8,false,,,,false,120,false,,,,,
225,139,TRANSFER,117,STOPPED,1,false,,,,false,120,true,,,,,
226,139,VALIDATION,117,STOPPED,2,false,,,,false,120,false,,,,,
227,139,PARSE,117,STOPPED,3,false,,,,false,120,true,,,,,
228,139,LOADER,117,STOPPED,4,false,,,,false,120,false,,,,,
26,114,VALIDATION,117,TRIGGERED,2,false,,,,false,120,false,,,,,
27,114,PARSE,117,TRIGGERED,3,false,,,,false,120,true,,,,,
74,120,VALIDATION,117,TRIGGERED,2,false,,,,false,120,false,,,,,
75,120,PARSE,117,TRIGGERED,3,false,,,,false,120,true,,,,,
76,120,LOADER,117,TRIGGERED,4,false,,,,false,120,false,,,,,
77,120,AGGREGATE,117,TRIGGERED,5,false,,,,false,120,false,,,,,
79,120,ARCHIVE,117,TRIGGERED,7,false,,,,false,120,false,,,,,
80,120,NODIUS,117,TRIGGERED,8,false,,,,false,120,false,,,,,
2,111,VALIDATION,117,TRIGGERED,2,false,,,,false,120,false,,,,,
3,111,PARSE,117,TRIGGERED,3,false,,,,false,120,true,,,,,
4,111,LOADER,117,TRIGGERED,4,false,,,,false,120,false,,,,,
5,111,AGGREGATE,117,TRIGGERED,5,false,,,,false,120,false,,,,,
6,111,EXPORT,117,TRIGGERED,6,false,,,,false,120,false,,,,,
7,111,ARCHIVE,117,TRIGGERED,7,false,,,,false,120,false,,,,,
8,111,NODIUS,117,TRIGGERED,8,false,,,,false,120,false,,,,,
73,120,TRANSFER,117,RUNNING,1,false,,"27516",2026-02-27 02:20:05.538 +0300,false,120,true,,,,,
9,112,TRANSFER,117,STOPPED,1,false,,,,false,120,true,,,,,
10,112,VALIDATION,117,STOPPED,2,false,,,,false,120,false,,,,,
11,112,PARSE,117,STOPPED,3,false,,,,false,120,true,,,,,
12,112,LOADER,117,STOPPED,4,false,,,,false,120,false,,,,,
13,112,AGGREGATE,117,STOPPED,5,false,,,,false,120,false,,,,,
14,112,EXPORT,117,STOPPED,6,false,,,,false,120,false,,,,,
15,112,ARCHIVE,117,STOPPED,7,false,,,,false,120,false,,,,,
16,112,NODIUS,117,STOPPED,8,false,,,,false,120,false,,,,,
17,113,TRANSFER,117,STOPPED,1,false,,,,false,120,true,,,,,
18,113,VALIDATION,117,STOPPED,2,false,,,,false,120,false,,,,,
19,113,PARSE,117,STOPPED,3,false,,,,false,120,true,,,,,
20,113,LOADER,117,STOPPED,4,false,,,,false,120,false,,,,,
21,113,AGGREGATE,117,STOPPED,5,false,,,,false,120,false,,,,,
22,113,EXPORT,117,STOPPED,6,false,,,,false,120,false,,,,,
23,113,ARCHIVE,117,STOPPED,7,false,,,,false,120,false,,,,,
24,113,NODIUS,117,STOPPED,8,false,,,,false,120,false,,,,,
33,115,TRANSFER,117,STOPPED,1,false,,,,false,120,true,,,,,
34,115,VALIDATION,117,STOPPED,2,false,,,,false,120,false,,,,,
35,115,PARSE,117,STOPPED,3,false,,,,false,120,true,,,,,
36,115,LOADER,117,STOPPED,4,false,,,,false,120,false,,,,,
37,115,AGGREGATE,117,STOPPED,5,false,,,,false,120,false,,,,,
38,115,EXPORT,117,STOPPED,6,false,,,,false,120,false,,,,,
39,115,ARCHIVE,117,STOPPED,7,false,,,,false,120,false,,,,,
40,115,NODIUS,117,STOPPED,8,false,,,,false,120,false,,,,,
41,116,TRANSFER,117,STOPPED,1,false,,,,false,120,true,,,,,
229,139,AGGREGATE,117,STOPPED,5,false,,,,false,120,false,,,,,
230,139,EXPORT,117,STOPPED,6,false,,,,false,120,false,,,,,
232,139,NODIUS,117,STOPPED,8,false,,,,false,120,false,,,,,
361,156,TRANSFER,117,STOPPED,1,false,,,,false,120,true,,,,,
362,156,VALIDATION,117,STOPPED,2,false,,,,false,120,false,,,,,
363,156,PARSE,117,STOPPED,3,false,,,,false,120,true,,,,,
364,156,LOADER,117,STOPPED,4,false,,,,false,120,false,,,,,
365,156,AGGREGATE,117,STOPPED,5,false,,,,false,120,false,,,,,
366,156,EXPORT,117,STOPPED,6,false,,,,false,120,false,,,,,
368,156,NODIUS,117,STOPPED,8,false,,,,false,120,false,,,,,
369,157,TRANSFER,117,STOPPED,1,false,,,,false,120,true,,,,,
370,157,VALIDATION,117,STOPPED,2,false,,,,false,120,false,,,,,
371,157,PARSE,117,STOPPED,3,false,,,,false,120,true,,,,,
372,157,LOADER,117,STOPPED,4,false,,,,false,120,false,,,,,
373,157,AGGREGATE,117,STOPPED,5,false,,,,false,120,false,,,,,
374,157,EXPORT,117,STOPPED,6,false,,,,false,120,false,,,,,
375,157,ARCHIVE,117,STOPPED,7,false,,,,false,120,false,,,,,
330,152,VALIDATION,117,TRIGGERED,2,false,,,,false,120,false,,,,,
331,152,PARSE,117,TRIGGERED,3,false,,,,false,120,true,,,,,
185,134,TRANSFER,117,TRIGGERED,1,false,,,,false,120,true,,,,,
186,134,VALIDATION,117,TRIGGERED,2,false,,,,false,120,false,,,,,
187,134,PARSE,117,TRIGGERED,3,false,,,,false,120,true,,,,,
188,134,LOADER,117,TRIGGERED,4,false,,,,false,120,false,,,,,
189,134,AGGREGATE,117,TRIGGERED,5,false,,,,false,120,false,,,,,
190,134,EXPORT,117,TRIGGERED,6,false,,,,false,120,false,,,,,
191,134,ARCHIVE,117,TRIGGERED,7,false,,,,false,120,false,,,,,
43,116,PARSE,117,STOPPED,3,false,,,,false,120,true,,,,,
44,116,LOADER,117,STOPPED,4,false,,,,false,120,false,,,,,
46,116,EXPORT,117,STOPPED,6,false,,,,false,120,false,,,,,
47,116,ARCHIVE,117,STOPPED,7,false,,,,false,120,false,,,,,
48,116,NODIUS,117,STOPPED,8,false,,,,false,120,false,,,,,
49,117,TRANSFER,117,STOPPED,1,false,,,,false,120,true,,,,,
50,117,VALIDATION,117,STOPPED,2,false,,,,false,120,false,,,,,
51,117,PARSE,117,STOPPED,3,false,,,,false,120,true,,,,,
52,117,LOADER,117,STOPPED,4,false,,,,false,120,false,,,,,
53,117,AGGREGATE,117,STOPPED,5,false,,,,false,120,false,,,,,
54,117,EXPORT,117,STOPPED,6,false,,,,false,120,false,,,,,
55,117,ARCHIVE,117,STOPPED,7,false,,,,false,120,false,,,,,
56,117,NODIUS,117,STOPPED,8,false,,,,false,120,false,,,,,
57,118,TRANSFER,117,STOPPED,1,false,,,,false,120,true,,,,,
58,118,VALIDATION,117,STOPPED,2,false,,,,false,120,false,,,,,
59,118,PARSE,117,STOPPED,3,false,,,,false,120,true,,,,,
60,118,LOADER,117,STOPPED,4,false,,,,false,120,false,,,,,
61,118,AGGREGATE,117,STOPPED,5,false,,,,false,120,false,,,,,
62,118,EXPORT,117,STOPPED,6,false,,,,false,120,false,,,,,
63,118,ARCHIVE,117,STOPPED,7,false,,,,false,120,false,,,,,
64,118,NODIUS,117,STOPPED,8,false,,,,false,120,false,,,,,
65,119,TRANSFER,117,STOPPED,1,false,,,,false,120,true,,,,,
67,119,PARSE,117,STOPPED,3,false,,,,false,120,true,,,,,
68,119,LOADER,117,STOPPED,4,false,,,,false,120,false,,,,,
69,119,AGGREGATE,117,STOPPED,5,false,,,,false,120,false,,,,,
70,119,EXPORT,117,STOPPED,6,false,,,,false,120,false,,,,,
71,119,ARCHIVE,117,STOPPED,7,false,,,,false,120,false,,,,,
72,119,NODIUS,117,STOPPED,8,false,,,,false,120,false,,,,,
297,148,TRANSFER,117,STOPPED,1,false,,,,false,120,true,,,,,
298,148,VALIDATION,117,STOPPED,2,false,,,,false,120,false,,,,,
299,148,PARSE,117,STOPPED,3,false,,,,false,120,true,,,,,
300,148,LOADER,117,STOPPED,4,false,,,,false,120,false,,,,,
302,148,EXPORT,117,STOPPED,6,false,,,,false,120,false,,,,,
303,148,ARCHIVE,117,STOPPED,7,false,,,,false,120,false,,,,,
304,148,NODIUS,117,STOPPED,8,false,,,,false,120,false,,,,,
313,150,TRANSFER,117,STOPPED,1,false,,,,false,120,true,,,,,
314,150,VALIDATION,117,STOPPED,2,false,,,,false,120,false,,,,,
315,150,PARSE,117,STOPPED,3,false,,,,false,120,true,,,,,
316,150,LOADER,117,STOPPED,4,false,,,,false,120,false,,,,,
317,150,AGGREGATE,117,STOPPED,5,false,,,,false,120,false,,,,,
318,150,EXPORT,117,STOPPED,6,false,,,,false,120,false,,,,,
319,150,ARCHIVE,117,STOPPED,7,false,,,,false,120,false,,,,,
320,150,NODIUS,117,STOPPED,8,false,,,,false,120,false,,,,,
321,151,TRANSFER,117,STOPPED,1,false,,,,false,120,true,,,,,
322,151,VALIDATION,117,STOPPED,2,false,,,,false,120,false,,,,,
323,151,PARSE,117,STOPPED,3,false,,,,false,120,true,,,,,
324,151,LOADER,117,STOPPED,4,false,,,,false,120,false,,,,,
325,151,AGGREGATE,117,STOPPED,5,false,,,,false,120,false,,,,,
326,151,EXPORT,117,STOPPED,6,false,,,,false,120,false,,,,,
327,151,ARCHIVE,117,STOPPED,7,false,,,,false,120,false,,,,,
328,151,NODIUS,117,STOPPED,8,false,,,,false,120,false,,,,,
242,141,VALIDATION,117,TRIGGERED,2,false,,,,false,120,false,,,,,
497,173,TRANSFER,117,TRIGGERED,1,false,,,,false,120,true,,,,,
498,173,VALIDATION,117,TRIGGERED,2,false,,,,false,120,false,,,,,
499,173,PARSE,117,TRIGGERED,3,false,,,,false,120,true,,,,,
501,173,AGGREGATE,117,TRIGGERED,5,false,,,,false,120,false,,,,,
502,173,EXPORT,117,TRIGGERED,6,false,,,,false,120,false,,,,,
503,173,ARCHIVE,117,TRIGGERED,7,false,,,,false,120,false,,,,,
504,173,NODIUS,117,TRIGGERED,8,false,,,,false,120,false,,,,,
258,143,VALIDATION,117,TRIGGERED,2,false,,,,false,120,false,,,,,
259,143,PARSE,117,TRIGGERED,3,false,,,,false,120,true,,,,,
260,143,LOADER,117,TRIGGERED,4,false,,,,false,120,false,,,,,
261,143,AGGREGATE,117,TRIGGERED,5,false,,,,false,120,false,,,,,
262,143,EXPORT,117,TRIGGERED,6,false,,,,false,120,false,,,,,
263,143,ARCHIVE,117,TRIGGERED,7,false,,,,false,120,false,,,,,
264,143,NODIUS,117,TRIGGERED,8,false,,,,false,120,false,,,,,
266,144,VALIDATION,117,TRIGGERED,2,false,,,,false,120,false,,,,,
267,144,PARSE,117,TRIGGERED,3,false,,,,false,120,true,,,,,
268,144,LOADER,117,TRIGGERED,4,false,,,,false,120,false,,,,,
269,144,AGGREGATE,117,TRIGGERED,5,false,,,,false,120,false,,,,,
270,144,EXPORT,117,TRIGGERED,6,false,,,,false,120,false,,,,,
271,144,ARCHIVE,117,TRIGGERED,7,false,,,,false,120,false,,,,,
257,143,TRANSFER,117,RUNNING,1,false,,"44872",2026-02-27 02:20:03.485 +0300,false,120,true,,,,,
265,144,TRANSFER,117,RUNNING,1,false,,"45064",2026-02-27 02:20:04.844 +0300,false,120,true,,,,,
489,172,TRANSFER,117,TRIGGERED,1,false,,,,false,120,true,,,,,
490,172,VALIDATION,117,TRIGGERED,2,false,,,,false,120,false,,,,,
491,172,PARSE,117,TRIGGERED,3,false,,,,false,120,true,,,,,
492,172,LOADER,117,TRIGGERED,4,false,,,,false,120,false,,,,,
493,172,AGGREGATE,117,TRIGGERED,5,false,,,,false,120,false,,,,,
494,172,EXPORT,117,TRIGGERED,6,false,,,,false,120,false,,,,,
495,172,ARCHIVE,117,TRIGGERED,7,false,,,,false,120,false,,,,,
496,172,NODIUS,117,TRIGGERED,8,false,,,,false,120,false,,,,,
376,157,NODIUS,117,STOPPED,8,false,,,,false,120,false,,,,,
441,166,TRANSFER,117,STOPPED,1,false,,,,false,120,true,,,,,
442,166,VALIDATION,117,STOPPED,2,false,,,,false,120,false,,,,,
443,166,PARSE,117,STOPPED,3,false,,,,false,120,true,,,,,
444,166,LOADER,117,STOPPED,4,false,,,,false,120,false,,,,,
445,166,AGGREGATE,117,STOPPED,5,false,,,,false,120,false,,,,,
446,166,EXPORT,117,STOPPED,6,false,,,,false,120,false,,,,,
447,166,ARCHIVE,117,STOPPED,7,false,,,,false,120,false,,,,,
448,166,NODIUS,117,STOPPED,8,false,,,,false,120,false,,,,,
449,167,TRANSFER,117,STOPPED,1,false,,,,false,120,true,,,,,
450,167,VALIDATION,117,STOPPED,2,false,,,,false,120,false,,,,,
451,167,PARSE,117,STOPPED,3,false,,,,false,120,true,,,,,
452,167,LOADER,117,STOPPED,4,false,,,,false,120,false,,,,,
453,167,AGGREGATE,117,STOPPED,5,false,,,,false,120,false,,,,,
454,167,EXPORT,117,STOPPED,6,false,,,,false,120,false,,,,,
455,167,ARCHIVE,117,STOPPED,7,false,,,,false,120,false,,,,,
456,167,NODIUS,117,STOPPED,8,false,,,,false,120,false,,,,,
457,168,TRANSFER,117,STOPPED,1,false,,,,false,120,true,,,,,
458,168,VALIDATION,117,STOPPED,2,false,,,,false,120,false,,,,,
459,168,PARSE,117,STOPPED,3,false,,,,false,120,true,,,,,
460,168,LOADER,117,STOPPED,4,false,,,,false,120,false,,,,,
461,168,AGGREGATE,117,STOPPED,5,false,,,,false,120,false,,,,,
462,168,EXPORT,117,STOPPED,6,false,,,,false,120,false,,,,,
463,168,ARCHIVE,117,STOPPED,7,false,,,,false,120,false,,,,,
464,168,NODIUS,117,STOPPED,8,false,,,,false,120,false,,,,,
273,145,TRANSFER,117,STOPPED,1,false,,,,false,120,true,,,,,
274,145,VALIDATION,117,STOPPED,2,false,,,,false,120,false,,,,,
275,145,PARSE,117,STOPPED,3,false,,,,false,120,true,,,,,
276,145,LOADER,117,STOPPED,4,false,,,,false,120,false,,,,,
277,145,AGGREGATE,117,STOPPED,5,false,,,,false,120,false,,,,,
278,145,EXPORT,117,STOPPED,6,false,,,,false,120,false,,,,,
279,145,ARCHIVE,117,STOPPED,7,false,,,,false,120,false,,,,,
280,145,NODIUS,117,STOPPED,8,false,,,,false,120,false,,,,,
281,146,TRANSFER,117,STOPPED,1,false,,,,false,120,true,,,,,
282,146,VALIDATION,117,STOPPED,2,false,,,,false,120,false,,,,,
283,146,PARSE,117,STOPPED,3,false,,,,false,120,true,,,,,
284,146,LOADER,117,STOPPED,4,false,,,,false,120,false,,,,,
285,146,AGGREGATE,117,STOPPED,5,false,,,,false,120,false,,,,,
289,147,TRANSFER,117,TRIGGERED,1,false,,,,false,120,true,,,,,
290,147,VALIDATION,117,TRIGGERED,2,false,,,,false,120,false,,,,,
291,147,PARSE,117,TRIGGERED,3,false,,,,false,120,true,,,,,
293,147,AGGREGATE,117,TRIGGERED,5,false,,,,false,120,false,,,,,
294,147,EXPORT,117,TRIGGERED,6,false,,,,false,120,false,,,,,
295,147,ARCHIVE,117,TRIGGERED,7,false,,,,false,120,false,,,,,
296,147,NODIUS,117,TRIGGERED,8,false,,,,false,120,false,,,,,
353,155,TRANSFER,117,TRIGGERED,1,false,,,,false,120,true,,,,,
385,159,TRANSFER,117,STOPPED,1,false,,,,false,120,true,,,,,
386,159,VALIDATION,117,STOPPED,2,false,,,,false,120,false,,,,,
387,159,PARSE,117,STOPPED,3,false,,,,false,120,true,,,,,
388,159,LOADER,117,STOPPED,4,false,,,,false,120,false,,,,,
389,159,AGGREGATE,117,STOPPED,5,false,,,,false,120,false,,,,,
390,159,EXPORT,117,STOPPED,6,false,,,,false,120,false,,,,,
391,159,ARCHIVE,117,STOPPED,7,false,,,,false,120,false,,,,,
392,159,NODIUS,117,STOPPED,8,false,,,,false,120,false,,,,,
393,160,TRANSFER,117,STOPPED,1,false,,,,false,120,true,,,,,
394,160,VALIDATION,117,STOPPED,2,false,,,,false,120,false,,,,,
395,160,PARSE,117,STOPPED,3,false,,,,false,120,true,,,,,
396,160,LOADER,117,STOPPED,4,false,,,,false,120,false,,,,,
397,160,AGGREGATE,117,STOPPED,5,false,,,,false,120,false,,,,,
354,155,VALIDATION,117,TRIGGERED,2,false,,,,false,120,false,,,,,
305,149,TRANSFER,117,RUNNING,1,false,,"36628",2026-02-23 18:02:06.014 +0300,false,120,true,,,,,
347,154,PARSE,117,TRIGGERED,3,false,,,,false,120,true,,,,,
348,154,LOADER,117,TRIGGERED,4,false,,,,false,120,false,,,,,
349,154,AGGREGATE,117,TRIGGERED,5,false,,,,false,120,false,,,,,
350,154,EXPORT,117,TRIGGERED,6,false,,,,false,120,false,,,,,
351,154,ARCHIVE,117,TRIGGERED,7,false,,,,false,120,false,,,,,
352,154,NODIUS,117,TRIGGERED,8,false,,,,false,120,false,,,,,
345,154,TRANSFER,117,TRIGGERED,1,false,,,,false,120,true,,,,,
355,155,PARSE,117,TRIGGERED,3,false,,,,false,120,true,,,,,
356,155,LOADER,117,TRIGGERED,4,false,,,,false,120,false,,,,,
357,155,AGGREGATE,117,TRIGGERED,5,false,,,,false,120,false,,,,,
358,155,EXPORT,117,TRIGGERED,6,false,,,,false,120,false,,,,,
359,155,ARCHIVE,117,TRIGGERED,7,false,,,,false,120,false,,,,,
360,155,NODIUS,117,TRIGGERED,8,false,,,,false,120,false,,,,,
288,146,NODIUS,117,STOPPED,8,false,,,,false,120,false,,,,,
337,153,TRANSFER,117,STOPPED,1,false,,,,false,120,true,,,,,
338,153,VALIDATION,117,STOPPED,2,false,,,,false,120,false,,,,,
339,153,PARSE,117,STOPPED,3,false,,,,false,120,true,,,,,
340,153,LOADER,117,STOPPED,4,false,,,,false,120,false,,,,,
341,153,AGGREGATE,117,STOPPED,5,false,,,,false,120,false,,,,,
342,153,EXPORT,117,STOPPED,6,false,,,,false,120,false,,,,,
343,153,ARCHIVE,117,STOPPED,7,false,,,,false,120,false,,,,,
344,153,NODIUS,117,STOPPED,8,false,,,,false,120,false,,,,,
399,160,ARCHIVE,117,STOPPED,7,false,,,,false,120,false,,,,,
400,160,NODIUS,117,STOPPED,8,false,,,,false,120,false,,,,,
409,162,TRANSFER,117,STOPPED,1,false,,,,false,120,true,,,,,
410,162,VALIDATION,117,STOPPED,2,false,,,,false,120,false,,,,,
411,162,PARSE,117,STOPPED,3,false,,,,false,120,true,,,,,
412,162,LOADER,117,STOPPED,4,false,,,,false,120,false,,,,,
332,152,LOADER,117,TRIGGERED,4,false,,,,false,120,false,,,,,
425,164,TRANSFER,117,TRIGGERED,1,false,,,,false,120,true,,,,,
426,164,VALIDATION,117,TRIGGERED,2,false,,,,false,120,false,,,,,
427,164,PARSE,117,TRIGGERED,3,false,,,,false,120,true,,,,,
428,164,LOADER,117,TRIGGERED,4,false,,,,false,120,false,,,,,
429,164,AGGREGATE,117,TRIGGERED,5,false,,,,false,120,false,,,,,
430,164,EXPORT,117,TRIGGERED,6,false,,,,false,120,false,,,,,
431,164,ARCHIVE,117,TRIGGERED,7,false,,,,false,120,false,,,,,
432,164,NODIUS,117,TRIGGERED,8,false,,,,false,120,false,,,,,
465,169,TRANSFER,117,TRIGGERED,1,false,,,,false,120,true,,,,,
466,169,VALIDATION,117,TRIGGERED,2,false,,,,false,120,false,,,,,
467,169,PARSE,117,TRIGGERED,3,false,,,,false,120,true,,,,,
468,169,LOADER,117,TRIGGERED,4,false,,,,false,120,false,,,,,
470,169,EXPORT,117,TRIGGERED,6,false,,,,false,120,false,,,,,
471,169,ARCHIVE,117,TRIGGERED,7,false,,,,false,120,false,,,,,
472,169,NODIUS,117,TRIGGERED,8,false,,,,false,120,false,,,,,
418,163,VALIDATION,117,TRIGGERED,2,false,,,,false,120,false,,,,,
419,163,PARSE,117,TRIGGERED,3,false,,,,false,120,true,,,,,
420,163,LOADER,117,TRIGGERED,4,false,,,,false,120,false,,,,,
421,163,AGGREGATE,117,TRIGGERED,5,false,,,,false,120,false,,,,,
422,163,EXPORT,117,TRIGGERED,6,false,,,,false,120,false,,,,,
423,163,ARCHIVE,117,TRIGGERED,7,false,,,,false,120,false,,,,,
424,163,NODIUS,117,TRIGGERED,8,false,,,,false,120,false,,,,,
417,163,TRANSFER,117,RUNNING,1,false,,"24560",2026-02-27 02:20:05.443 +0300,false,120,true,,,,,
506,174,VALIDATION,117,TRIGGERED,2,false,,,,false,120,false,,,,,
507,174,PARSE,117,TRIGGERED,3,false,,,,false,120,true,,,,,
508,174,LOADER,117,TRIGGERED,4,false,,,,false,120,false,,,,,
509,174,AGGREGATE,117,TRIGGERED,5,false,,,,false,120,false,,,,,
510,174,EXPORT,117,TRIGGERED,6,false,,,,false,120,false,,,,,
511,174,ARCHIVE,117,TRIGGERED,7,false,,,,false,120,false,,,,,
512,174,NODIUS,117,TRIGGERED,8,false,,,,false,120,false,,,,,
530,177,VALIDATION,117,TRIGGERED,2,false,,,,false,120,false,,,,,
531,177,PARSE,117,TRIGGERED,3,false,,,,false,120,true,,,,,
532,177,LOADER,117,TRIGGERED,4,false,,,,false,120,false,,,,,
533,177,AGGREGATE,117,TRIGGERED,5,false,,,,false,120,false,,,,,
534,177,EXPORT,117,TRIGGERED,6,false,,,,false,120,false,,,,,
535,177,ARCHIVE,117,TRIGGERED,7,false,,,,false,120,false,,,,,
536,177,NODIUS,117,TRIGGERED,8,false,,,,false,120,false,,,,,
433,165,TRANSFER,117,TRIGGERED,1,false,,,,false,120,true,,,,,
434,165,VALIDATION,117,TRIGGERED,2,false,,,,false,120,false,,,,,
435,165,PARSE,117,TRIGGERED,3,false,,,,false,120,true,,,,,
436,165,LOADER,117,TRIGGERED,4,false,,,,false,120,false,,,,,
438,165,EXPORT,117,TRIGGERED,6,false,,,,false,120,false,,,,,
439,165,ARCHIVE,117,TRIGGERED,7,false,,,,false,120,false,,,,,
440,165,NODIUS,117,TRIGGERED,8,false,,,,false,120,false,,,,,
505,174,TRANSFER,117,RUNNING,1,false,,"43448",2026-02-27 02:20:04.124 +0300,false,120,true,,,,,
521,176,TRANSFER,117,TRIGGERED,1,false,,,,false,120,true,,,,,
522,176,VALIDATION,117,TRIGGERED,2,false,,,,false,120,false,,,,,
523,176,PARSE,117,TRIGGERED,3,false,,,,false,120,true,,,,,
524,176,LOADER,117,TRIGGERED,4,false,,,,false,120,false,,,,,
525,176,AGGREGATE,117,TRIGGERED,5,false,,,,false,120,false,,,,,
526,176,EXPORT,117,TRIGGERED,6,false,,,,false,120,false,,,,,
527,176,ARCHIVE,117,TRIGGERED,7,false,,,,false,120,false,,,,,
528,176,NODIUS,117,TRIGGERED,8,false,,,,false,120,false,,,,,
413,162,AGGREGATE,117,STOPPED,5,false,,,,false,120,false,,,,,
414,162,EXPORT,117,STOPPED,6,false,,,,false,120,false,,,,,
415,162,ARCHIVE,117,STOPPED,7,false,,,,false,120,false,,,,,
416,162,NODIUS,117,STOPPED,8,false,,,,false,120,false,,,,,
333,152,AGGREGATE,117,TRIGGERED,5,false,,,,false,120,false,,,,,
334,152,EXPORT,117,TRIGGERED,6,false,,,,false,120,false,,,,,
335,152,ARCHIVE,117,TRIGGERED,7,false,,,,false,120,false,,,,,
336,152,NODIUS,117,TRIGGERED,8,false,,,,false,120,false,,,,,
105,124,TRANSFER,117,TRIGGERED,1,false,,,,false,120,true,,,,,
106,124,VALIDATION,117,TRIGGERED,2,false,,,,false,120,false,,,,,
107,124,PARSE,117,TRIGGERED,3,false,,,,false,120,true,,,,,
108,124,LOADER,117,TRIGGERED,4,false,,,,false,120,false,,,,,
109,124,AGGREGATE,117,TRIGGERED,5,false,,,,false,120,false,,,,,
110,124,EXPORT,117,TRIGGERED,6,false,,,,false,120,false,,,,,
111,124,ARCHIVE,117,TRIGGERED,7,false,,,,false,120,false,,,,,
112,124,NODIUS,117,TRIGGERED,8,false,,,,false,120,false,,,,,
569,182,TRANSFER,117,TRIGGERED,1,false,,,,false,120,true,,,,,
570,182,VALIDATION,117,TRIGGERED,2,false,,,,false,120,false,,,,,
571,182,PARSE,117,TRIGGERED,3,false,,,,false,120,true,,,,,
572,182,LOADER,117,TRIGGERED,4,false,,,,false,120,false,,,,,
573,182,AGGREGATE,117,TRIGGERED,5,false,,,,false,120,false,,,,,
574,182,EXPORT,117,TRIGGERED,6,false,,,,false,120,false,,,,,
575,182,ARCHIVE,117,TRIGGERED,7,false,,,,false,120,false,,,,,
576,182,NODIUS,117,TRIGGERED,8,false,,,,false,120,false,,,,,
577,183,TRANSFER,117,TRIGGERED,1,false,,,,false,120,true,,,,,
578,183,VALIDATION,117,TRIGGERED,2,false,,,,false,120,false,,,,,
579,183,PARSE,117,TRIGGERED,3,false,,,,false,120,true,,,,,
580,183,LOADER,117,TRIGGERED,4,false,,,,false,120,false,,,,,
581,183,AGGREGATE,117,TRIGGERED,5,false,,,,false,120,false,,,,,
582,183,EXPORT,117,TRIGGERED,6,false,,,,false,120,false,,,,,
583,183,ARCHIVE,117,TRIGGERED,7,false,,,,false,120,false,,,,,
234,140,VALIDATION,117,TRIGGERED,2,false,,,,false,120,false,,,,,
235,140,PARSE,117,TRIGGERED,3,false,,,,false,120,true,,,,,
236,140,LOADER,117,TRIGGERED,4,false,,,,false,120,false,,,,,
237,140,AGGREGATE,117,TRIGGERED,5,false,,,,false,120,false,,,,,
238,140,EXPORT,117,TRIGGERED,6,false,,,,false,120,false,,,,,
239,140,ARCHIVE,117,TRIGGERED,7,false,,,,false,120,false,,,,,
240,140,NODIUS,117,TRIGGERED,8,false,,,,false,120,false,,,,,
545,179,TRANSFER,117,TRIGGERED,1,false,,,,false,120,true,,,,,
546,179,VALIDATION,117,TRIGGERED,2,false,,,,false,120,false,,,,,
547,179,PARSE,117,TRIGGERED,3,false,,,,false,120,true,,,,,
548,179,LOADER,117,TRIGGERED,4,false,,,,false,120,false,,,,,
549,179,AGGREGATE,117,TRIGGERED,5,false,,,,false,120,false,,,,,
550,179,EXPORT,117,TRIGGERED,6,false,,,,false,120,false,,,,,
551,179,ARCHIVE,117,TRIGGERED,7,false,,,,false,120,false,,,,,
552,179,NODIUS,117,TRIGGERED,8,false,,,,false,120,false,,,,,
561,181,TRANSFER,117,TRIGGERED,1,false,,,,false,120,true,,,,,
562,181,VALIDATION,117,TRIGGERED,2,false,,,,false,120,false,,,,,
563,181,PARSE,117,TRIGGERED,3,false,,,,false,120,true,,,,,
564,181,LOADER,117,TRIGGERED,4,false,,,,false,120,false,,,,,
565,181,AGGREGATE,117,TRIGGERED,5,false,,,,false,120,false,,,,,
566,181,EXPORT,117,TRIGGERED,6,false,,,,false,120,false,,,,,
553,180,TRANSFER,117,STOPPED,1,false,,,,false,120,true,,,,,
554,180,VALIDATION,117,STOPPED,2,false,,,,false,120,false,,,,,
555,180,PARSE,117,STOPPED,3,false,,,,false,120,true,,,,,
556,180,LOADER,117,STOPPED,4,false,,,,false,120,false,,,,,
557,180,AGGREGATE,117,STOPPED,5,false,,,,false,120,false,,,,,
558,180,EXPORT,117,STOPPED,6,false,,,,false,120,false,,,,,
559,180,ARCHIVE,117,STOPPED,7,false,,,,false,120,false,,,,,
560,180,NODIUS,117,STOPPED,8,false,,,,false,120,false,,,,,
