"id","flow_id","parse_component_id","is_active_fetch_tables","is_active_pre_parse","pre_parse_thread_count","have_prepare_file_feature","decompress","need_decompress_result","validation","is_active_on_parse","on_parse_thread_count","is_active_post_parse","post_parse_thread_count","is_active_auto_counter","is_active_discover_content_date","discover_content_date_thread_count","need_content_date_result","is_active_clean_duplicate_app","clean_duplicate_app_version","clean_duplicate_app_thread_count","is_active_loader","loader_thread_count","need_loader_result","is_active_clean_duplicate_proc","clean_duplicate_proc_version","clean_duplicate_proc_thread_count","is_active_call_procedure","is_active_call_aggregate","is_active_call_export","result_file_extension","is_active","created_time","created_by","updated_time","updated_by","extra_info","flow_code","parse_component","result_file_delimiter"
133,133,140,true,true,8,false,false,false,false,true,8,true,8,true,true,8,true,true,v5,8,true,8,true,true,v2,,true,true,true,.unl,true,,,,,,,,
144,144,155,true,true,8,false,false,false,false,true,8,true,8,true,true,8,true,true,v5,8,true,8,true,true,v2,,true,true,true,.unl,true,,,,,,,,
155,155,143,true,true,8,false,false,false,false,true,8,true,8,true,true,8,true,true,v5,8,true,8,true,true,v2,,true,true,true,.unl,true,,,,,,,,
165,165,117,true,true,8,false,false,false,false,true,8,true,8,true,true,8,true,true,v5,8,true,8,true,true,v2,,true,true,true,.unl,true,,,,,,,,
176,176,136,true,true,8,false,false,false,false,true,8,true,8,true,true,8,true,true,v5,8,true,8,true,true,v2,,true,true,true,.unl,true,,,,,,,,
112,112,118,true,true,8,false,false,false,false,true,8,true,8,true,true,8,true,true,v5,8,true,8,true,true,v2,,true,true,true,.unl,true,,,,,,,,
114,114,120,true,true,8,false,false,false,false,true,8,true,8,true,true,8,true,true,v5,8,true,8,true,true,v2,,true,true,true,.unl,true,,,,,,,,
111,111,117,true,true,8,false,false,false,false,true,8,true,8,true,true,8,true,true,v5,8,true,8,true,true,v2,,true,true,true,.unl,true,,,,,,,,
116,116,122,true,true,8,false,false,false,false,true,8,true,8,true,true,8,true,true,v5,8,true,8,true,true,v2,,true,true,true,.unl,true,,,,,,,,
117,117,123,true,true,8,false,false,false,false,true,8,true,8,true,true,8,true,true,v5,8,true,8,true,true,v2,,true,true,true,.unl,true,,,,,,,,
119,119,125,true,true,8,false,false,false,false,true,8,true,8,true,true,8,true,true,v5,8,true,8,true,true,v2,,true,true,true,.unl,true,,,,,,,,
120,120,126,true,true,8,false,false,false,false,true,8,true,8,true,true,8,true,true,v5,8,true,8,true,true,v2,,true,true,true,.unl,true,,,,,,,,
121,121,127,true,true,8,false,false,false,false,true,8,true,8,true,true,8,true,true,v5,8,true,8,true,true,v2,,true,true,true,.unl,true,,,,,,,,
122,122,128,true,true,8,false,false,false,false,true,8,true,8,true,true,8,true,true,v5,8,true,8,true,true,v2,,true,true,true,.unl,true,,,,,,,,
123,123,130,true,true,8,false,false,false,false,true,8,true,8,true,true,8,true,true,v5,8,true,8,true,true,v2,,true,true,true,.unl,true,,,,,,,,
124,124,131,true,true,8,false,false,false,false,true,8,true,8,true,true,8,true,true,v5,8,true,8,true,true,v2,,true,true,true,.unl,true,,,,,,,,
125,125,132,true,true,8,false,false,false,false,true,8,true,8,true,true,8,true,true,v5,8,true,8,true,true,v2,,true,true,true,.unl,true,,,,,,,,
126,126,133,true,true,8,false,false,false,false,true,8,true,8,true,true,8,true,true,v5,8,true,8,true,true,v2,,true,true,true,.unl,true,,,,,,,,
127,127,134,true,true,8,false,false,false,false,true,8,true,8,true,true,8,true,true,v5,8,true,8,true,true,v2,,true,true,true,.unl,true,,,,,,,,
128,128,135,true,true,8,false,false,false,false,true,8,true,8,true,true,8,true,true,v5,8,true,8,true,true,v2,,true,true,true,.unl,true,,,,,,,,
129,129,136,true,true,8,false,false,false,false,true,8,true,8,true,true,8,true,true,v5,8,true,8,true,true,v2,,true,true,true,.unl,true,,,,,,,,
130,130,137,true,true,8,false,false,false,false,true,8,true,8,true,true,8,true,true,v5,8,true,8,true,true,v2,,true,true,true,.unl,true,,,,,,,,
131,131,138,true,true,8,false,false,false,false,true,8,true,8,true,true,8,true,true,v5,8,true,8,true,true,v2,,true,true,true,.unl,true,,,,,,,,
132,132,139,true,true,8,false,false,false,false,true,8,true,8,true,true,8,true,true,v5,8,true,8,true,true,v2,,true,true,true,.unl,true,,,,,,,,
135,135,146,true,true,8,false,false,false,false,true,8,true,8,true,true,8,true,true,v5,8,true,8,true,true,v2,,true,true,true,.unl,true,,,,,,,,
136,136,147,true,true,8,false,false,false,false,true,8,true,8,true,true,8,true,true,v5,8,true,8,true,true,v2,,true,true,true,.unl,true,,,,,,,,
137,137,148,true,true,8,false,false,false,false,true,8,true,8,true,true,8,true,true,v5,8,true,8,true,true,v2,,true,true,true,.unl,true,,,,,,,,
138,138,149,true,true,8,false,false,false,false,true,8,true,8,true,true,8,true,true,v5,8,true,8,true,true,v2,,true,true,true,.unl,true,,,,,,,,
139,139,150,true,true,8,false,false,false,false,true,8,true,8,true,true,8,true,true,v5,8,true,8,true,true,v2,,true,true,true,.unl,true,,,,,,,,
140,140,151,true,true,8,false,false,false,false,true,8,true,8,true,true,8,true,true,v5,8,true,8,true,true,v2,,true,true,true,.unl,true,,,,,,,,
141,141,152,true,true,8,false,false,false,false,true,8,true,8,true,true,8,true,true,v5,8,true,8,true,true,v2,,true,true,true,.unl,true,,,,,,,,
142,142,153,true,true,8,false,false,false,false,true,8,true,8,true,true,8,true,true,v5,8,true,8,true,true,v2,,true,true,true,.unl,true,,,,,,,,
143,143,154,true,true,8,false,false,false,false,true,8,true,8,true,true,8,true,true,v5,8,true,8,true,true,v2,,true,true,true,.unl,true,,,,,,,,
145,145,156,true,true,8,false,false,false,false,true,8,true,8,true,true,8,true,true,v5,8,true,8,true,true,v2,,true,true,true,.unl,true,,,,,,,,
146,146,157,true,true,8,false,false,false,false,true,8,true,8,true,true,8,true,true,v5,8,true,8,true,true,v2,,true,true,true,.unl,true,,,,,,,,
147,147,158,true,true,8,false,false,false,false,true,8,true,8,true,true,8,true,true,v5,8,true,8,true,true,v2,,true,true,true,.unl,true,,,,,,,,
148,148,111,true,true,8,false,false,false,false,true,8,true,8,true,true,8,true,true,v5,8,true,8,true,true,v2,,true,true,true,.unl,true,,,,,,,,
150,150,113,true,true,8,false,false,false,false,true,8,true,8,true,true,8,true,true,v5,8,true,8,true,true,v2,,true,true,true,.unl,true,,,,,,,,
151,151,114,true,true,8,false,false,false,false,true,8,true,8,true,true,8,true,true,v5,8,true,8,true,true,v2,,true,true,true,.unl,true,,,,,,,,
153,153,116,true,true,8,false,false,false,false,true,8,true,8,true,true,8,true,true,v5,8,true,8,true,true,v2,,true,true,true,.unl,true,,,,,,,,
154,154,142,true,true,8,false,false,false,false,true,8,true,8,true,true,8,true,true,v5,8,true,8,true,true,v2,,true,true,true,.unl,true,,,,,,,,
156,156,144,true,true,8,false,false,false,false,true,8,true,8,true,true,8,true,true,v5,8,true,8,true,true,v2,,true,true,true,.unl,true,,,,,,,,
157,157,145,true,true,8,false,false,false,false,true,8,true,8,true,true,8,true,true,v5,8,true,8,true,true,v2,,true,true,true,.unl,true,,,,,,,,
158,158,159,true,true,8,false,false,false,false,true,8,true,8,true,true,8,true,false,v5,8,true,8,true,false,"",,true,true,true,.unl,true,,,,,,,,
163,163,162,true,true,8,false,false,false,false,true,8,true,8,true,true,8,true,true,v5,8,true,8,true,true,v2,,true,true,true,.unl,true,,,,,,,,
166,166,118,true,true,8,false,false,false,false,true,8,true,8,true,true,8,true,true,v5,8,true,8,true,true,v2,,true,true,true,.unl,true,,,,,,,,
167,167,123,true,true,8,false,false,false,false,true,8,true,8,true,true,8,true,true,v5,8,true,8,true,true,v2,,true,true,true,.unl,true,,,,,,,,
168,168,124,true,true,8,false,false,false,false,true,8,true,8,true,true,8,true,true,v5,8,true,8,true,true,v2,,true,true,true,.unl,true,,,,,,,,
169,169,126,true,true,8,false,false,false,false,true,8,true,8,true,true,8,true,true,v5,8,true,8,true,true,v2,,true,true,true,.unl,true,,,,,,,,
170,170,127,true,true,8,false,false,false,false,true,8,true,8,true,true,8,true,true,v5,8,true,8,true,true,v2,,true,true,true,.unl,true,,,,,,,,
171,171,129,true,true,8,false,false,false,false,true,8,true,8,true,true,8,true,true,v5,8,true,8,true,true,v2,,true,true,true,.unl,true,,,,,,,,
172,172,130,true,true,8,false,false,false,false,true,8,true,8,true,true,8,true,true,v5,8,true,8,true,true,v2,,true,true,true,.unl,true,,,,,,,,
173,173,131,true,true,8,false,false,false,false,true,8,true,8,true,true,8,true,true,v5,8,true,8,true,true,v2,,true,true,true,.unl,true,,,,,,,,
174,174,133,true,true,8,false,false,false,false,true,8,true,8,true,true,8,true,true,v5,8,true,8,true,true,v2,,true,true,true,.unl,true,,,,,,,,
175,175,134,true,true,8,false,false,false,false,true,8,true,8,true,true,8,true,true,v5,8,true,8,true,true,v2,,true,true,true,.unl,true,,,,,,,,
177,177,137,true,true,8,false,false,false,false,true,8,true,8,true,true,8,true,true,v5,8,true,8,true,true,v2,,true,true,true,.unl,true,,,,,,,,
159,159,160,true,true,8,false,false,false,false,true,8,true,8,true,true,8,true,false,v5,8,true,8,true,false,"",,true,true,true,.unl,true,,,,,,,,
161,161,162,true,true,8,false,false,false,false,true,8,true,8,true,true,8,true,false,v5,8,true,8,true,true,v2,,true,true,true,.unl,true,,,,,,,,
160,160,161,true,true,8,false,false,false,false,true,8,true,8,true,true,8,true,false,v5,8,true,8,true,false,v2,,true,true,true,.unl,true,,,,,,,,
164,164,164,true,true,8,false,false,false,false,true,8,true,8,true,true,8,true,false,v5,8,true,8,true,false,"",,true,true,true,.unl,true,,,,,,,,
149,149,112,true,true,8,true,true,true,false,true,8,true,8,true,true,8,true,true,v5,8,true,8,true,true,v2,,true,true,true,.unl,true,,,,,,,,
113,113,119,true,true,8,false,false,false,false,true,8,true,8,true,true,8,true,true,v5,8,true,8,true,true,v2,,true,true,true,.unl,true,,,,,,,,
115,115,121,true,true,8,false,false,false,false,true,8,true,8,true,true,8,true,true,v5,8,true,8,true,true,v2,,true,true,true,.unl,true,,,,,,,,
118,118,124,true,true,8,false,false,false,false,true,8,true,8,true,true,8,true,true,v5,8,true,8,true,true,v2,,true,true,true,.unl,true,,,,,,,,
134,134,141,true,true,8,false,false,false,false,true,8,true,8,true,true,8,true,true,v5,8,true,8,true,true,v2,,true,true,true,.unl,true,,,,,,,,
152,152,115,true,true,8,false,false,false,false,true,8,true,8,true,true,8,true,true,v5,8,true,8,true,true,v2,,true,true,true,.unl,true,,,,,,,,
178,178,139,true,true,8,false,false,false,false,true,8,true,8,true,true,8,true,true,v5,8,true,8,true,true,v2,,true,true,true,.unl,true,,,,,,,,
179,179,140,true,true,8,false,false,false,false,true,8,true,8,true,true,8,true,true,v5,8,true,8,true,true,v2,,true,true,true,.unl,true,,,,,,,,
180,180,149,true,true,8,false,false,false,false,true,8,true,8,true,true,8,true,true,v5,8,true,8,true,true,v2,,true,true,true,.unl,true,,,,,,,,
181,181,150,true,true,8,false,false,false,false,true,8,true,8,true,true,8,true,true,v5,8,true,8,true,true,v2,,true,true,true,.unl,true,,,,,,,,
182,182,151,true,true,8,false,false,false,false,true,8,true,8,true,true,8,true,true,v5,8,true,8,true,true,v2,,true,true,true,.unl,true,,,,,,,,
183,183,162,true,true,8,false,false,false,false,true,8,true,8,true,true,8,true,true,v5,8,true,8,true,true,v2,,true,true,true,.unl,true,,,,,,,,
162,162,163,true,true,8,false,false,false,false,true,8,true,8,true,true,8,true,false,v5,8,true,8,true,false,,,true,true,true,.unl,true,,,,,,,,
