"id","flow_id","transfer_component_id","pre_transfer","pre_transfer_thread_count","on_transfer","on_transfer_thread_count","pre_thread","check_last_modified_time","read_files","filter_files","set_file_info","cache_results","set_last_modified_time","clear_remote_files","download","post_thread","decompress","decompress_thread_count","need_decompress_result","validation","validation_thread_count","post_transfer","post_transfer_thread_count","is_active","created_time","created_by","updated_time","updated_by","extra_info","flow_code","transfer_component"
115,115,121,true,8,true,8,true,true,true,true,true,true,true,true,true,true,true,8,true,true,8,true,8,true,,,,,,,
118,118,124,true,8,true,8,true,true,true,true,true,true,true,true,true,true,true,8,true,true,8,true,8,true,,,,,,,
121,121,127,true,8,true,8,true,true,true,true,true,true,true,true,true,true,true,8,true,true,8,true,8,true,,,,,,,
124,124,131,true,8,true,8,true,true,true,true,true,true,true,true,true,true,true,8,true,true,8,true,8,true,,,,,,,
127,127,134,true,8,true,8,true,true,true,true,true,true,true,true,true,true,true,8,true,true,8,true,8,true,,,,,,,
130,130,137,true,8,true,8,true,true,true,true,true,true,true,true,true,true,true,8,true,true,8,true,8,true,,,,,,,
133,133,140,true,8,true,8,true,true,true,true,true,true,true,true,true,true,true,8,true,true,8,true,8,true,,,,,,,
166,166,118,true,8,true,8,true,true,true,true,true,true,true,true,true,true,true,8,true,true,8,true,8,true,,,,,,,
168,168,124,true,8,true,8,true,true,true,true,true,true,true,true,true,true,true,8,true,true,8,true,8,true,,,,,,,
170,170,127,true,8,true,8,true,true,true,true,true,true,true,true,true,true,true,8,true,true,8,true,8,true,,,,,,,
173,173,131,true,8,true,8,true,true,true,true,true,true,true,true,true,true,true,8,true,true,8,true,8,true,,,,,,,
175,175,134,true,8,true,8,true,true,true,true,true,true,true,true,true,true,true,8,true,true,8,true,8,true,,,,,,,
179,179,140,true,8,true,8,true,true,true,true,true,true,true,true,true,true,true,8,true,true,8,true,8,true,,,,,,,
111,111,117,true,8,true,8,true,true,true,true,true,true,true,true,true,true,true,8,true,false,0,true,8,true,,,,,,,
113,113,119,true,8,true,8,true,true,true,true,true,true,true,true,true,true,true,8,true,false,0,true,8,true,,,,,,,
114,114,120,true,8,true,8,true,true,true,true,true,true,true,true,true,true,true,8,true,false,0,true,8,true,,,,,,,
116,116,122,true,8,true,8,true,true,true,true,true,true,true,true,true,true,true,8,true,false,0,true,8,true,,,,,,,
117,117,123,true,8,true,8,true,true,true,true,true,true,true,true,true,true,true,8,true,false,0,true,8,true,,,,,,,
119,119,125,true,8,true,8,true,true,true,true,true,true,true,true,true,true,true,8,true,false,0,true,8,true,,,,,,,
120,120,126,true,8,true,8,true,true,true,true,true,true,true,true,true,true,true,8,true,false,0,true,8,true,,,,,,,
123,123,130,true,8,true,8,true,true,true,true,true,true,true,true,true,true,true,8,true,false,0,true,8,true,,,,,,,
125,125,132,true,8,true,8,true,true,true,true,true,true,true,true,true,true,true,8,true,false,0,true,8,true,,,,,,,
126,126,133,true,8,true,8,true,true,true,true,true,true,true,true,true,true,true,8,true,false,0,true,8,true,,,,,,,
128,128,135,true,8,true,8,true,true,true,true,true,true,true,true,true,true,true,8,true,false,0,true,8,true,,,,,,,
129,129,136,true,8,true,8,true,true,true,true,true,true,true,true,true,true,true,8,true,false,0,true,8,true,,,,,,,
131,131,138,true,8,true,8,true,true,true,true,true,true,true,true,true,true,true,8,true,false,0,true,8,true,,,,,,,
134,134,141,true,8,true,8,true,true,true,true,true,true,true,true,true,true,true,8,true,false,0,true,8,true,,,,,,,
135,135,146,true,8,true,8,true,true,true,true,true,true,true,true,true,true,true,8,true,false,0,true,8,true,,,,,,,
136,136,147,true,8,true,8,true,true,true,true,true,true,true,true,true,true,true,8,true,false,0,true,8,true,,,,,,,
137,137,148,true,8,true,8,true,true,true,true,true,true,true,true,true,true,true,8,true,false,0,true,8,true,,,,,,,
138,138,149,true,8,true,8,true,true,true,true,true,true,true,true,true,true,true,8,true,false,0,true,8,true,,,,,,,
139,139,150,true,8,true,8,true,true,true,true,true,true,true,true,true,true,true,8,true,false,0,true,8,true,,,,,,,
140,140,151,true,8,true,8,true,true,true,true,true,true,true,true,true,true,true,8,true,false,0,true,8,true,,,,,,,
141,141,152,true,8,true,8,true,true,true,true,true,true,true,true,true,true,true,8,true,false,0,true,8,true,,,,,,,
142,142,153,true,8,true,8,true,true,true,true,true,true,true,true,true,true,true,8,true,false,0,true,8,true,,,,,,,
143,143,154,true,8,true,8,true,true,true,true,true,true,true,true,true,true,true,8,true,false,0,true,8,true,,,,,,,
144,144,155,true,8,true,8,true,true,true,true,true,true,true,true,true,true,true,8,true,false,0,true,8,true,,,,,,,
145,145,156,true,8,true,8,true,true,true,true,true,true,true,true,true,true,true,8,true,false,0,true,8,true,,,,,,,
146,146,157,true,8,true,8,true,true,true,true,true,true,true,true,true,true,true,8,true,false,0,true,8,true,,,,,,,
147,147,158,true,8,true,8,true,true,true,true,true,true,true,true,true,true,true,8,true,false,0,true,8,true,,,,,,,
148,148,111,true,8,true,8,true,true,true,true,true,true,true,true,true,true,true,8,true,false,0,true,8,true,,,,,,,
149,149,112,true,8,true,8,true,true,true,true,true,true,true,true,true,true,true,8,true,false,0,true,8,true,,,,,,,
150,150,113,true,8,true,8,true,true,true,true,true,true,true,true,true,true,true,8,true,false,0,true,8,true,,,,,,,
151,151,114,true,8,true,8,true,true,true,true,true,true,true,true,true,true,true,8,true,false,0,true,8,true,,,,,,,
152,152,115,true,8,true,8,true,true,true,true,true,true,true,true,true,true,true,8,true,false,0,true,8,true,,,,,,,
153,153,116,true,8,true,8,true,true,true,true,true,true,true,true,true,true,true,8,true,false,0,true,8,true,,,,,,,
154,154,142,true,8,true,8,true,true,true,true,true,true,true,true,true,true,true,8,true,false,0,true,8,true,,,,,,,
155,155,143,true,8,true,8,true,true,true,true,true,true,true,true,true,true,true,8,true,false,0,true,8,true,,,,,,,
156,156,144,true,8,true,8,true,true,true,true,true,true,true,true,true,true,true,8,true,false,0,true,8,true,,,,,,,
157,157,145,true,8,true,8,true,true,true,true,true,true,true,true,true,true,true,8,true,false,0,true,8,true,,,,,,,
158,158,159,true,8,true,8,true,true,true,true,true,true,true,true,true,true,true,8,true,false,0,true,8,true,,,,,,,
159,159,160,true,8,true,8,true,true,true,true,true,true,true,true,true,true,true,8,true,false,0,true,8,true,,,,,,,
160,160,161,true,8,true,8,true,true,true,true,true,true,true,true,true,true,true,8,true,false,0,true,8,true,,,,,,,
161,161,162,true,8,true,8,true,true,true,true,true,true,true,true,true,true,true,8,true,false,0,true,8,true,,,,,,,
162,162,163,true,8,true,8,true,true,true,true,true,true,true,true,true,true,true,8,true,false,0,true,8,true,,,,,,,
163,163,162,true,8,true,8,true,true,true,true,true,true,true,true,true,true,true,8,true,false,0,true,8,true,,,,,,,
164,164,164,true,8,true,8,true,true,true,true,true,true,true,true,true,true,true,8,true,false,0,true,8,true,,,,,,,
165,165,117,true,8,true,8,true,true,true,true,true,true,true,true,true,true,true,8,true,false,0,true,8,true,,,,,,,
167,167,123,true,8,true,8,true,true,true,true,true,true,true,true,true,true,true,8,true,false,0,true,8,true,,,,,,,
169,169,126,true,8,true,8,true,true,true,true,true,true,true,true,true,true,true,8,true,false,0,true,8,true,,,,,,,
171,171,129,true,8,true,8,true,true,true,true,true,true,true,true,true,true,true,8,true,false,0,true,8,true,,,,,,,
172,172,130,true,8,true,8,true,true,true,true,true,true,true,true,true,true,true,8,true,false,0,true,8,true,,,,,,,
174,174,133,true,8,true,8,true,true,true,true,true,true,true,true,true,true,true,8,true,false,0,true,8,true,,,,,,,
176,176,136,true,8,true,8,true,true,true,true,true,true,true,true,true,true,true,8,true,false,0,true,8,true,,,,,,,
178,178,139,true,8,true,8,true,true,true,true,true,true,true,true,true,true,true,8,true,false,0,true,8,true,,,,,,,
180,180,149,true,8,true,8,true,true,true,true,true,true,true,true,true,true,true,8,true,false,0,true,8,true,,,,,,,
112,112,118,true,8,true,8,true,true,true,true,true,true,true,true,true,true,true,8,true,true,8,true,8,true,,,,,,,
177,177,137,true,8,true,8,true,true,true,true,true,true,true,true,true,true,true,8,true,true,8,true,8,true,,,,,,,
122,122,128,true,8,true,8,true,true,true,true,true,true,true,true,true,true,true,8,true,false,0,true,8,true,,,,,,,
132,132,139,true,8,true,8,true,true,true,true,true,true,true,true,true,true,true,8,true,false,0,true,8,true,,,,,,,
181,181,150,true,8,true,8,true,true,true,true,true,true,true,true,true,true,true,8,true,false,0,true,8,true,,,,,,,
182,182,151,true,8,true,8,true,true,true,true,true,true,true,true,true,true,true,8,true,false,0,true,8,true,,,,,,,
183,183,162,true,8,true,8,true,true,true,true,true,true,true,true,true,true,true,8,true,false,0,true,8,true,,,,,,,
