Result Time,Granularity Period,Object Name,Reliability,"50332555","50332556","50332557","50332558","50332559","50332560","50332561","50332562","50332563","50332564","50332593","50332594","50342555","50342556","50342561","50342562","50342563","50342564","50342567","50342568","50342569","50342570","50342571","50342572","50342618","50342619","50342621","50342622","50342624","50342625","50342627","50342628"
,Minutes,,,None,None,None,None,None,None,None,None,None,None,None,None,None,None,None,None,None,None,None,None,None,None,None,None,None,None,None,None,None,None,None,None
2025-06-24 14:00,60,"GLLF_LF007_ASTRO/NodeBFunction:NodeB Function Name=NLF01_39720_LF007_ASTRO/MocID:2/CnOperator:-1",Reliable,0,0,0,0,3200,3200,18.024,4.797,0,11.208,0,0,0,0,49,12,0,43,1,3,2,0,0,0,0,0,0,0,0,0,0,0
2025-06-24 14:00,60,"GLLF_LF020_DEMIRHAN/NodeBFunction:NodeB Function Name=NLF01_39733_LF020_DEMIRHAN/MocID:2/CnOperator:-1",Reliable,0,0,0,0,3200,3200,17.983,6.637,0,11.603,0,0,0,0,45.5,14,0,40,0,2.5,1,0,0,0,0,0,0,0,0,0,0,0
2025-06-24 14:00,60,"GLLF_LF062_LEFKOSA_MERIT/NodeBFunction:NodeB Function Name=NLF01_39775_LF062_LEFKOSA_MERIT/MocID:2/CnOperator:-1",Reliable,0,0,0,0,3200,3200,22.113,8.322,0,12.689,0,0,0,0,46.5,18,0,34,0,10,5,0,0,0,0,0,0,0,0,0,0,0
2025-06-24 14:00,60,"GLLF_LF019_DEMIR_MARKET/NodeBFunction:NodeB Function Name=NLF01_39732_LF019_DEMIR_MARKET/MocID:2/CnOperator:-1",Reliable,0,0,0,0,3200,3200,29.296,12.413,0,16.934,0,0,0,0,48.5,24,0,34.5,5,15,7,0,0,0,0,0,0,0,0,0,0,0
2025-06-24 14:00,60,"GLLF_LF055_ITU_SURLARICI/NodeBFunction:NodeB Function Name=NLF01_39768_LF055_ITU_SURLARICI/MocID:2/CnOperator:-1",Reliable,0,0,0,0,3200,3200,13.931,4.912,0,9.519,0,0,0,0,32.5,12,0,26,0,2.5,1.5,0,0,0,0,0,0,0,0,0,0,0
2025-06-24 14:00,60,"GLLF_LF058_KERVAN_RESTURANT/NodeBFunction:NodeB Function Name=NLF01_39771_LF058_KERVAN_RESTURANT/MocID:2/CnOperator:-1",Reliable,0,0,0,0,3200,3200,10.947,4.782,0,5.438,0,0,0,0,28.5,11,0,22,0,1,0,0,0,0,0,0,0,0,0,0,0,0
2025-06-24 14:00,60,"GLLF_LF104_YDU_SAGLIK_BILIMLERI/NodeBFunction:NodeB Function Name=NLF01_39817_LF104_YDU_SAGLIK_BILIMLERI/MocID:2/CnOperator:-1",Reliable,0,0,0,0,3200,3200,6.546,2.41,0,4.195,0,0,0,0,20,8,0,16.5,0,0,0,0,0,0,0,0,0,0,0,0,0,0
2025-06-24 14:00,60,"SRLF_LF075_METROPOL_2/NodeBFunction:NodeB Function Name=NLF01_39788_LF075_METROPOL_2/MocID:2/CnOperator:-1",Reliable,0,0,0,0,3200,3200,6.95,2.112,0,3.649,0,0,0,0,37.5,7,0,34,0,0.5,0,0,0,0,0,0,0,0,0,0,0,0
2025-06-24 14:00,60,"GLLF_LF054_ISLAM_CEMIYETI/NodeBFunction:NodeB Function Name=NLF01_39767_LF054_ISLAM_CEMIYETI/MocID:2/CnOperator:-1",Reliable,0,0,0,0,3200,3200,31.06,11.599,0,17.295,0,0,0,0,59,25,0,42.5,3,14,6,0,0,0,0,0,0,0,0,0,0,0
2025-06-24 14:00,60,"GLLF_LF056_KARABABA/NodeBFunction:NodeB Function Name=NLF01_39769_LF056_KARABABA/MocID:2/CnOperator:-1",Reliable,0,0,0,0,3200,3200,17.913,6.464,0,11.702,0,0,0,0,41,16,0,31.5,1,4,1,0,0,0,0,0,0,0,0,0,0,0
2025-06-24 14:00,60,"GLLF_LF060_KIRKLAR_ASKERIYE/NodeBFunction:NodeB Function Name=NLF01_39773_LF060_KIRKLAR_ASKERIYE/MocID:2/CnOperator:-1",Reliable,0,0,0,0,3200,3200,11.579,2.383,0,9.11,0,0,0,0,35,9,0,29.5,1,2,1,0,0,0,0,0,0,0,0,0,0,0
2025-06-24 14:00,60,"GLLF_LF113_YILMAZKOY/NodeBFunction:NodeB Function Name=NLF01_39826_LF113_YILMAZKOY/MocID:2/CnOperator:-1",Reliable,0,0,0,0,3200,3200,21.638,6.842,0,14.515,0,0,0,0,54,16,0,43.5,1,6,1.5,0,0,0,0,0,0,0,0,0,0,0
2025-06-24 14:00,60,"GLLF_LF111_YENISEHIR_PGM/NodeBFunction:NodeB Function Name=NLF01_39824_LF111_YENISEHIR_PGM/MocID:2/CnOperator:-1",Reliable,0,0,0,0,3200,3200,21.566,7.676,0,15.749,0,0,0,0,46,16,0,42,2,10,7,0,0,0,0,0,0,0,0,0,0,0
2025-06-24 14:00,60,"GLLF_LF076_METROPOLE_NEW/NodeBFunction:NodeB Function Name=NLF01_39789_LF076_METROPOLE_NEW/MocID:2/CnOperator:-1",Reliable,0,0,0,0,3200,3200,20.466,6.672,0,14.076,0,0,0,0,43,17,0,35.5,1,7,4.5,0,0,0,0,0,0,0,0,0,0,0
2025-06-24 14:00,60,"GLLF_LF039_GONYELI_4/NodeBFunction:NodeB Function Name=NLF01_39752_LF039_GONYELI_4/MocID:2/CnOperator:-1",Reliable,0,0,0,0,3200,3200,17.454,6.74,0,9.473,0,0,0,0,40.5,15,0,28.5,1,4.5,1,0,0,0,0,0,0,0,0,0,0,0
2025-06-24 14:00,60,"GLLF_LF049_HAMITKOY_CADDE/NodeBFunction:NodeB Function Name=NLF01_39762_LF049_HAMITKOY_CADDE/MocID:2/CnOperator:-1",Reliable,0,0,0,0,3200,3200,11.728,6.103,0,7.41,0,0,0,0,32.5,14,0,24,0,2,1,0,0,0,0,0,0,0,0,0,0,0
2025-06-24 14:00,60,"GLLF_LF015_CIHANGIR/NodeBFunction:NodeB Function Name=NLF01_39728_LF015_CIHANGIR/MocID:2/CnOperator:-1",Reliable,0,0,0,0,3200,3200,13.463,4.849,0,7.517,0,0,0,0,32.5,12,0,24.5,0,3,1,0,0,0,0,0,0,0,0,0,0,0
2025-06-24 14:00,60,"GLLF_LF078_NAZ_APARTMANI/NodeBFunction:NodeB Function Name=NLF01_39791_LF078_NAZ_APARTMANI/MocID:2/CnOperator:-1",Reliable,0,0,0,0,3200,3200,20.352,7.953,0,12.137,0,0,0,0,43,18,0,31,1,3.5,1.5,0,0,0,0,0,0,0,0,0,0,0
2025-06-24 14:00,60,"GLLF_LF057_KAROVA/NodeBFunction:NodeB Function Name=NLF01_39770_LF057_KAROVA/MocID:2/CnOperator:-1",Reliable,0,0,0,0,3200,3200,13.903,6.207,0,7.867,0,0,0,0,28.5,18,0,19.5,1,5,1,0,0,0,0,0,0,0,0,0,0,0
2025-06-24 14:00,60,"GLLF_LF011_BALIKESIR/NodeBFunction:NodeB Function Name=NLF01_39724_LF011_BALIKESIR/MocID:2/CnOperator:-1",Reliable,0,0,0,0,3200,3200,10.604,3.751,0,6.869,0,0,0,0,43.5,10,0,40,1,1.5,1,0,0,0,0,0,0,0,0,0,0,0
2025-06-24 14:00,60,"GLLF_LF116_AKSOY_OYUNCAK/NodeBFunction:NodeB Function Name=NLF01_39892_LF116_Aksoy_Oyuncak/MocID:2/CnOperator:-1",Reliable,0,0,0,0,3200,3200,6.231,1.933,0,3.544,0,0,0,0,39.5,10,0,35.5,0,0,0,0,0,0,0,0,0,0,0,0,0,0
2025-06-24 14:00,60,"SRLF_LF023_DUMLUPINAR/NodeBFunction:NodeB Function Name=NLF01_39736_LF023_DUMLUPINAR/MocID:2/CnOperator:-1",Reliable,0,0,0,0,3200,3200,10.054,1.664,0,7.19,0,0,0,0,20,12,0,14.5,0,3,1.5,0,0,0,0,0,0,0,0,0,0,0
2025-06-24 14:00,60,"GLLF_LF009_ATATURK_STADIUM/NodeBFunction:NodeB Function Name=NLF01_39722_LF009_ATATURK_STADIUM/MocID:2/CnOperator:-1",Reliable,0,0,0,0,3200,3200,20.201,6.404,0,11.599,0,0,0,0,39,15,0,28.5,1,7,3,0,0,0,0,0,0,0,0,0,0,0
2025-06-24 14:00,60,"GLGN_GN111_NILGUN_RESTURANT/NodeBFunction:NodeB Function Name=NGN01_39611_GN111_NILGUN_RESTURANT/MocID:2/CnOperator:-1",Reliable,0,0,0,0,3200,3200,8.425,3.701,0,3.803,0,0,0,0,19.5,9,0,11.5,0,1.5,0,0,0,0,0,0,0,0,0,0,0,0
2025-06-24 14:00,60,"GLGN_GN027_CATALKOY/NodeBFunction:NodeB Function Name=NGN01_39527_GN027_CATALKOY/MocID:2/CnOperator:-1",Reliable,0,0,0,0,3200,3200,52.633,14.685,0,35.838,0,0,0,0,101.5,28,0,84,4,22.5,9.5,0,0,0,0,0,0,0,0,0,0,0
2025-06-24 14:00,60,"GLGN_GN142_SEVENER_RESTURANT/NodeBFunction:NodeB Function Name=NGN01_39900_GN142_SEVENER_RESTURANT/MocID:2/CnOperator:-1",Reliable,0,0,0,0,3200,3200,22.897,8.999,0,13.779,0,0,0,0,53.5,19,0,39,0,5.5,2.5,0,0,0,0,0,0,0,0,0,0,0
2025-06-24 14:00,60,"SRGN_GN052_ELEXSUS_OTEL_A/NodeBFunction:NodeB Function Name=NGN01_39552_GN052_ELEXSUS_OTEL_A/MocID:2/CnOperator:-1",Reliable,0,0,0,0,3200,3200,1.205,0.512,0,0.665,0,0,0,0,10,3,0,8,0,0,0,0,0,0,0,0,0,0,0,0,0,0
2025-06-24 14:00,60,"SRGN_GN053_ELEXSUS_OTEL_B/NodeBFunction:NodeB Function Name=NGN01_39553_GN053_ELEXSUS_OTEL_B/MocID:2/CnOperator:-1",Reliable,0,0,0,0,3200,3200,1.607,1.033,0,0.938,0,0,0,0,8,5,0,5.5,0,0,0,0,0,0,0,0,0,0,0,0,0,0
2025-06-24 14:00,60,"GLGN_GN002_ACAPULCO_CASINO/NodeBFunction:NodeB Function Name=NGN01_39502_GN002_ACAPULCO_CASINO/MocID:2/CnOperator:-1",Reliable,0,0,0,0,3200,3200,9.585,4.021,0,5.7,0,0,0,0,29,11,0,23,0,1.5,1,0,0,0,0,0,0,0,0,0,0,0
2025-06-24 14:00,60,"SRGN_GN042_DIKMEN_LOJISTIK/NodeBFunction:NodeB Function Name=NGN01_39542_GN042_DIKMEN_LOJISTIK/MocID:2/CnOperator:-1",Reliable,0,0,0,0,3200,3200,15.019,4.404,0,10.611,0,0,0,0,57.5,10,0,54,0,2,0,0,0,0,0,0,0,0,0,0,0,0
2025-06-24 14:00,60,"GLGN_GN049_DOME_OTEL/NodeBFunction:NodeB Function Name=NGN01_39549_GN049_DOME_OTEL/MocID:2/CnOperator:-1",Reliable,0,0,0,0,3200,3200,15.873,2.31,0,12.178,0,0,0,0,35,8,0,29,0,5,2.5,0,0,0,0,0,0,0,0,0,0,0
2025-06-24 14:00,60,"GLGN_GN046_DOGANKOY_KOLORDU/NodeBFunction:NodeB Function Name=NGN01_39546_GN046_DOGANKOY_KOLORDU/MocID:2/CnOperator:-1",Reliable,0,0,0,0,3200,3200,10.277,3.568,0,6.419,0,0,0,0,24.5,11,0,21.5,0,0.5,0,0,0,0,0,0,0,0,0,0,0,0
2025-06-24 14:00,60,"GLGN_GN033_CRATOS_PORT/NodeBFunction:NodeB Function Name=NGN01_39533_GN033_CRATOS_PORT/MocID:2/CnOperator:-1",Reliable,0,0,0,0,3200,3200,27.772,4.729,0,22.206,0,0,0,0,61.5,12,0,54.5,0,8.5,5,0,0,0,0,0,0,0,0,0,0,0
2025-06-24 14:00,60,"GLGN_GN059_EURO_DEE_OTEL/NodeBFunction:NodeB Function Name=NGN01_39559_GN059_EURO_DEE_OTEL/MocID:2/CnOperator:-1",Reliable,0,0,0,0,3200,3200,15.078,5.567,0,10.308,0,0,0,0,35,14,0,30,0,3.5,1,0,0,0,0,0,0,0,0,0,0,0
2025-06-24 14:00,60,"SRGN_GN032_CRATOS/NodeBFunction:NodeB Function Name=NGN01_39532_GN032_CRATOS/MocID:2/CnOperator:-1",Reliable,0,0,0,0,3200,3200,6.971,1.29,0,6.012,0,0,0,0,28,6,0,27,0,0,0,0,0,0,0,0,0,0,0,0,0,0
2025-06-24 14:00,60,"SRGN_GN030_CIKLOS/NodeBFunction:NodeB Function Name=NGN01_39530_GN030_CIKLOS/MocID:2/CnOperator:-1",Reliable,0,0,0,0,3200,3200,7.358,2.332,0,4.751,0,0,0,0,24.5,8,0,21.5,0,0.5,0,0,0,0,0,0,0,0,0,0,0,0
2025-06-24 14:00,60,"GLGN_GN074_GIRNE_TD_VIP2/NodeBFunction:NodeB Function Name=NGN01_39574_GN074_GIRNE_TD_VIP2/MocID:2/CnOperator:-1",Reliable,0,0,0,0,3200,3200,15.31,7.344,0,8.819,0,0,0,0,28.5,14,0,18.5,1,5.5,2,0,0,0,0,0,0,0,0,0,0,0
2025-06-24 14:00,60,"GLGN_GN096_LAPTA_SAHIL/NodeBFunction:NodeB Function Name=NGN01_39596_GN096_LAPTA_SAHIL/MocID:2/CnOperator:-1",Reliable,0,0,0,0,3200,3200,14.149,4.064,0,8.351,0,0,0,0,39.5,11,0,31,0,3.5,1.5,0,0,0,0,0,0,0,0,0,0,0
2025-06-24 14:00,60,"GLGN_GN097_LAPTA_TD/NodeBFunction:NodeB Function Name=NGN01_39597_GN097_LAPTA_TD/MocID:2/CnOperator:-1",Reliable,0,0,0,0,3200,3200,28.734,8.499,0,17.623,0,0,0,0,81.5,22,0,66.5,2,8.5,3.5,0,0,0,0,0,0,0,0,0,0,0
2025-06-24 14:00,60,"SRGN_GN120_ROCKS_INDOOR/NodeBFunction:NodeB Function Name=NGN01_39620_GN120_ROCKS_INDOOR/MocID:2/CnOperator:-1",Reliable,0,0,0,0,3200,3200,0.618,0.074,0,0.469,0,0,0,0,11,1,0,10.5,0,0,0,0,0,0,0,0,0,0,0,0,0,0
2025-06-24 14:00,60,"SRLF_LF101_YAKINDOGU_TIP_INDOOR/NodeBFunction:NodeB Function Name=NLF01_39814_LF101_YAKINDOGU_TIP_INDOOR/MocID:2/CnOperator:-1",Reliable,0,0,0,0,3200,3200,8.381,1.61,0,6.828,0,0,0,0,53.5,6,0,50.5,0,1,0,0,0,0,0,0,0,0,0,0,0,0
2025-06-24 14:00,60,"SRMG_MG025_GUVERCINLIK/NodeBFunction:NodeB Function Name=NMG11_39852_MG025_GUVERCINLIK/MocID:2/CnOperator:-1",Reliable,0,0,0,0,3200,3200,7.061,3.824,0,3.27,0,0,0,0,20.5,16,0,13.5,0,0.5,0,0,0,0,0,0,0,0,0,0,0,0
2025-06-24 14:00,60,"GLGN_GN113_OSCAR_OTEL/NodeBFunction:NodeB Function Name=NGN01_39613_GN113_OSCAR_OTEL/MocID:2/CnOperator:-1",Reliable,0,0,0,0,3200,3200,9.735,4.331,0,5.743,0,0,0,0,23,12,0,19,0,1,0.5,0,0,0,0,0,0,0,0,0,0,0
2025-06-24 14:00,60,"SRMG_MG033_MAGOSA_AVM/NodeBFunction:NodeB Function Name=NMG11_39860_MG033_MAGOSA_AVM/MocID:2/CnOperator:-1",Reliable,0,0,0,0,3200,3200,3.41,1.15,0,2.54,0,0,0,0,17,6,0,17,0,0,0,0,0,0,0,0,0.015,2,0,0,0.004,1
2025-06-24 14:00,60,"GLGN_GN117_PIA_BELLA_OTEL/NodeBFunction:NodeB Function Name=NGN01_39617_GN117_PIA_BELLA_OTEL/MocID:2/CnOperator:-1",Reliable,0,0,0,0,3200,3200,9.724,4.015,0,5.251,0,0,0,0,22.5,10,0,17.5,0,2,0,0,0,0,0,0,0,0,0,0,0,0
2025-06-24 14:00,60,"GLGN_GN064_GAU_CARETTA/NodeBFunction:NodeB Function Name=NGN01_39564_GN064_GAU_CARETTA/MocID:2/CnOperator:-1",Reliable,0,0,0,0,3200,3200,7.334,3.063,0,3.953,0,0,0,0,21.5,10,0,14.5,0,0.5,0,0,0,0,0,0,0,0,0,0,0,0
2025-06-24 14:00,60,"SRMG_MG026_HARIKA/NodeBFunction:NodeB Function Name=NMG11_39853_MG026_HARIKA/MocID:2/CnOperator:-1",Reliable,0,0,0,0,3200,3200,15.099,4.74,0,8.739,0,0,0,0,38,17,0,27,0,3,1,0,0,0,0,0,2.322,9.5,0,0,1.029,4
2025-06-24 14:00,60,"GLMG_MG058_ULUKISLA/NodeBFunction:NodeB Function Name=NMG11_39885_MG058_ULUKISLA/MocID:2/CnOperator:-1",Reliable,0,0,0,0,3200,3200,17.498,5.731,0,12.363,0,0,0,0,41,19,0,34.5,1,2.5,1,0,0,0,0,0,0,0,0,0,0,0
2025-06-24 14:00,60,"GLGN_GN087_KARAOGLANOGLU_TD/NodeBFunction:NodeB Function Name=NGN01_39587_GN087_KARAOGLANOGLU_TD/MocID:2/CnOperator:-1",Reliable,0,0,0,0,3200,3200,11.313,3.892,0,6.5,0,0,0,0,22.5,10,0,17.5,0,3.5,1,0,0,0,0,0,0,0,0,0,0,0
2025-06-24 14:00,60,"GLGN_GN010_ALSANCAK/NodeBFunction:NodeB Function Name=NGN01_39510_GN010_ALSANCAK/MocID:2/CnOperator:-1",Reliable,0,0,0,0,3200,3200,5.59,2.131,0,3.076,0,0,0,0,18.5,9,0,13.5,0,0,0,0,0,0,0,0,0,0,0,0,0,0
2025-06-24 14:00,60,"SRMG_MG059_VADILI/NodeBFunction:NodeB Function Name=NMG11_39886_MG059_VADILI/MocID:2/CnOperator:-1",Reliable,0,0,0,0,3200,3200,20.939,8.819,0,12.656,0,0,0,0,63,26,0,54,1,7.5,3.5,0,0,0,0,0,0.472,5,0,0,0.207,2
2025-06-24 14:00,60,"GLGN_GN101_MALPAS_OTEL/NodeBFunction:NodeB Function Name=NGN01_39601_GN101_MALPAS_OTEL/MocID:2/CnOperator:-1",Reliable,0,0,0,0,3200,3200,18.955,4.978,0,11.979,0,0,0,0,44,19,0,36,0,4.5,2,0,0,0,0,0,0,0,0,0,0,0
2025-06-24 14:00,60,"GLMG_MG011_CAYONU/NodeBFunction:NodeB Function Name=NMG11_39838_MG011_CAYONU/MocID:2/CnOperator:-1",Reliable,0,0,0,0,3200,3200,19.185,5.458,0,11.931,0,0,0,0,41.5,22,0,30.5,0,5.5,3,0,0,0,0,0,1.169,6,0,0,0.5,3
2025-06-24 14:00,60,"GLMG_MG055_TUNCAY_APT/NodeBFunction:NodeB Function Name=NMG11_39882_MG055_TUNCAY_APT/MocID:2/CnOperator:-1",Reliable,0,0,0,0,3200,3200,38.848,15.749,0,23.586,0,0,0,0,67.5,35,0,51,5,17.5,7.5,0,0,0,0,0,0,0,0,0,0,0
2025-06-24 14:00,60,"GLMG_MG062_KAPALI_MARAS/NodeBFunction:NodeB Function Name=NMG11_39895_MG062_KAPALI_MARAS/MocID:2/CnOperator:-1",Reliable,0,0,0,0,3200,3200,27.032,4.039,0,22.316,0,0,0,0,76.5,12,0,69,0,8,3.5,0,0,0,0,0,0,0,0,0,0,0
2025-06-24 14:00,60,"GLGN_GN138_ZEYTINLIK_VIP2/NodeBFunction:NodeB Function Name=NGN01_39638_GN138_ZEYTINLIK_VIP2/MocID:2/CnOperator:-1",Reliable,0,0,0,0,3200,3200,18.301,5.033,0,11.174,0,0,0,0,45,13,0,33.5,0,5,3,0,0,0,0,0,0,0,0,0,0,0
2025-06-24 14:00,60,"GLLF_LF071_MECLIS_VIP1/NodeBFunction:NodeB Function Name=NLF01_39784_LF071_MECLIS_VIP1/MocID:2/CnOperator:-1",Reliable,0,0,0,0,3200,3200,7.998,4.419,0,4.285,0,0,0,0,24.5,10,0,19,1,2,1,0,0,0,0,0,0,0,0,0,0,0
2025-06-24 14:00,60,"GLLF_LF089_SARAY_VIP1/NodeBFunction:NodeB Function Name=NLF01_39802_LF089_SARAY_VIP1/MocID:2/CnOperator:-1",Reliable,0,0,0,0,3200,3200,60.665,10.6,0,51.289,0,0,0,0,126,19,0,115,3,15,8,0,0,0,0,0,0,0,0,0,0,0
2025-06-24 14:00,60,"GLIS_IS046_YDU_BOGAZICI_HASTANE/NodeBFunction:NodeB Function Name=NIS11_39891_IS046_Ydu_Bogazici_Hastane/MocID:2/CnOperator:-1",Reliable,0,0,0,0,3200,3200,14.397,5.857,0,8.212,0,0,0,0,43,25,0,33,0,1.5,0,0,0,0,0,0,0,0,0,0,0,0
2025-06-24 14:00,60,"GLLK_LK005_DOGANCIKOY/NodeBFunction:NodeB Function Name=NLK01_39703_LK005_DOGANCIKOY/MocID:2/CnOperator:-1",Reliable,0,0,0,0,3200,3200,26.995,4.988,0,17.599,0,0,0,0,51,13,0,40.5,0,8,4,0,0,0,0,0,0,0,0,0,0,0
2025-06-24 14:00,60,"GLLK_LK004_DOGANCI_TD/NodeBFunction:NodeB Function Name=NLK01_39702_LK004_DOGANCI_TD/MocID:2/CnOperator:-1",Reliable,0,0,0,0,3200,3200,6.312,1.286,0,3.683,0,0,0,0,18.5,5,0,14,0,0,0,0,0,0,0,0,0,0,0,0,0,0
2025-06-24 14:00,60,"GLGN_GN136_YDU_KARAKUM/NodeBFunction:NodeB Function Name=NGN01_39636_GN136_YDU_KARAKUM/MocID:2/CnOperator:-1",Reliable,0,0,0,0,3200,3200,5.888,2.292,0,3.39,0,0,0,0,18,7,0,17,0,0,0,0,0,0,0,0,0,0,0,0,0,0
2025-06-24 14:00,60,"GLGN_GN141_ILELI_MARKET/NodeBFunction:NodeB Function Name=NGN01_39898_GN141_ILELI_MARKET/MocID:2/CnOperator:-1",Reliable,0,0,0,0,3200,3200,15.631,5.213,0,9.632,0,0,0,0,36,17,0,24.5,0,3.5,1,0,0,0,0,0,0,0,0,0,0,0
2025-06-24 14:00,60,"GLLF_LF070_MARMARA/NodeBFunction:NodeB Function Name=NLF01_39783_LF070_MARMARA/MocID:2/CnOperator:-1",Reliable,0,0,0,0,3200,3200,14.146,7.876,0,6.192,0,0,0,0,36,15,0,23.5,1,5.5,0.5,0,0,0,0,0,0,0,0,0,0,0
2025-06-24 14:00,60,"GLGN_GN082_ILGAZ/NodeBFunction:NodeB Function Name=NGN01_39582_GN082_ILGAZ/MocID:2/CnOperator:-1",Reliable,0,0,0,0,3200,3200,4.033,1.556,0,2.231,0,0,0,0,16.5,8,0,14,0,0,0,0,0,0,0,0,0,0,0,0,0,0
2025-06-24 14:00,60,"GLLF_LF077_MINARELIKOY/NodeBFunction:NodeB Function Name=NLF01_39790_LF077_MINARELIKOY/MocID:2/CnOperator:-1",Reliable,0,0,0,0,3200,3200,16.208,5.299,0,9.958,0,0,0,0,58.5,13,0,54,0,5,2.5,0,0,0,0,0,0,0,0,0,0,0
2025-06-24 14:00,60,"GLLF_LF002_AKINCILAR/NodeBFunction:NodeB Function Name=NLF01_39715_LF002_AKINCILAR/MocID:2/CnOperator:-1",Reliable,0,0,0,0,3200,3200,5.42,2.229,0,4.938,0,0,0,0,20,7,0,19.5,1,1,1,0,0,0,0,0,0,0,0,0,0,0
2025-06-24 14:00,60,"GLLF_LF115_GOCMENKOY_GIZLEM_APT/NodeBFunction:NodeB Function Name=NLF01_39896_LF115_GOCMENKOY_GIZLEM_APT/MocID:2/CnOperator:-1",Reliable,0,0,0,0,3200,3200,18.308,7.081,0,9.474,0,0,0,0,40,15,0,30,1,6,1.5,0,0,0,0,0,0,0,0,0,0,0
2025-06-24 14:00,60,"GLLF_LF032_FINA_PETROL_1/NodeBFunction:NodeB Function Name=NLF01_39745_LF032_FINA_PETROL_1/MocID:2/CnOperator:-1",Reliable,0,0,0,0,3200,3200,13.16,4.749,0,7.335,0,0,0,0,51,12,0,43.5,0,2,0,0,0,0,0,0,0,0,0,0,0,0
2025-06-24 14:00,60,"GLLF_LF093_TASKINKOY/NodeBFunction:NodeB Function Name=NLF01_39806_LF093_TASKINKOY/MocID:2/CnOperator:-1",Reliable,0,0,0,0,3200,3200,10.131,3.865,0,5.746,0,0,0,0,29.5,11,0,25.5,0,2,0,0,0,0,0,0,0,0,0,0,0,0
2025-06-24 14:00,60,"GLLF_LF004_ALAYKOY_KAVSAK/NodeBFunction:NodeB Function Name=NLF01_39717_LF004_ALAYKOY_KAVSAK/MocID:2/CnOperator:-1",Reliable,0,0,0,0,3200,3200,16.84,4.872,0,11.073,0,0,0,0,46,13,0,36.5,0,3,0.5,0,0,0,0,0,0,0,0,0,0,0
2025-06-24 14:00,60,"GLIS_IS003_AYLUKA_SOSYAL_KONUTLAR/NodeBFunction:NodeB Function Name=NIS11_39658_IS003_AYLUKA_SOSYAL_KONUTLAR/MocID:2/CnOperator:-1",Reliable,0,0,0,0,3200,3200,22.115,8.979,0,13.278,0,0,0,0,48.5,29,0,38.5,1,8.5,4,0,0,0,0,0,0.663,4,0,0,0.21,2.5
2025-06-24 14:00,60,"GLGN_GN133_YASAM_6_APARTMANI/NodeBFunction:NodeB Function Name=NGN01_39633_GN133_YASAM_6_APARTMANI/MocID:2/CnOperator:-1",Reliable,0,0,0,0,3200,3200,25.995,8.803,0,15.165,0,0,0,0,53.5,19,0,44,2,8,1.5,0,0,0,0,0,0,0,0,0,0,0
2025-06-24 14:00,60,"GLLF_LF086_ROYAL_PALACE_OTEL/NodeBFunction:NodeB Function Name=NLF01_39799_LF086_ROYAL_PALACE_OTEL/MocID:2/CnOperator:-1",Reliable,0,0,0,0,3200,3200,11.06,5.346,0,5.859,0,0,0,0,61,13,0,54.5,0,1.5,0,0,0,0,0,0,0,0,0,0,0,0
2025-06-24 14:00,60,"GLLF_LF067_LETAM/NodeBFunction:NodeB Function Name=NLF01_39780_LF067_LETAM/MocID:2/CnOperator:-1",Reliable,0,0,0,0,3200,3200,11.298,4.501,0,5.658,0,0,0,0,26,11,0,17.5,0,2.5,0,0,0,0,0,0,0,0,0,0,0,0
2025-06-24 14:00,60,"GLMG_MG024_GRAND_ARAS/NodeBFunction:NodeB Function Name=NMG11_39851_MG024_GRAND_ARAS/MocID:2/CnOperator:-1",Reliable,0,0,0,0,3200,3200,13.234,5.332,0,7.431,0,0,0,0,28,18,0,21,0,2.5,1,0,0,0,0,0,0,0,0,0,0,0
2025-06-24 14:00,60,"GLLF_LF010_ATILGAN_PLAZA/NodeBFunction:NodeB Function Name=NLF01_39723_LF010_ATILGAN_PLAZA/MocID:2/CnOperator:-1",Reliable,0,0,0,0,3200,3200,20.601,7.61,0,14.185,0,0,0,0,42.5,21,0,34,2,8,3.5,0,0,0,0,0,0,0,0,0,0,0
2025-06-24 14:00,60,"GLLF_LF034_GALABALIK/NodeBFunction:NodeB Function Name=NLF01_39747_LF034_GALABALIK/MocID:2/CnOperator:-1",Reliable,0,0,0,0,3200,3200,30.011,12.479,0,16.804,0,0,0,0,49,26,0,32,5,12.5,4.5,0,0,0,0,0,0,0,0,0,0,0
2025-06-24 14:00,60,"GLLF_LF035_GELIBOLU_ULUC_APT/NodeBFunction:NodeB Function Name=NLF01_39748_LF035_GELIBOLU_ULUC_APT/MocID:2/CnOperator:-1",Reliable,0,0,0,0,3200,3200,23.406,9.499,0,13.01,0,0,0,0,38,18,0,25.5,2,10.5,5.5,0,0,0,0,0,0,0,0,0,0,0
2025-06-24 14:00,60,"GLGN_GN139_GRAND_PASA_OUTDOOR/NodeBFunction:NodeB Function Name=NGN01_39894_GN139_GRAND_PASA_OUTDOOR/MocID:2/CnOperator:-1",Reliable,0,0,0,0,3200,3200,18.467,6.678,0,10.51,0,0,0,0,39.5,18,0,25.5,0,5.5,3,0,0,0,0,0,0,0,0,0,0,0
2025-06-24 14:00,60,"GLGN_GN132_YASAM_2_APARTMANI/NodeBFunction:NodeB Function Name=NGN01_39632_GN132_YASAM_2_APARTMANI/MocID:2/CnOperator:-1",Reliable,0,0,0,0,3200,3200,30.424,5.406,0,23.874,0,0,0,0,76.5,13,0,69,0,18.5,12.5,0,0,0,0,0,0,0,0,0,0,0
2025-06-24 14:00,60,"GLMG_MG040_OZLEM_PASTANESI/NodeBFunction:NodeB Function Name=NMG11_39867_MG040_OZLEM_PASTANESI/MocID:2/CnOperator:-1",Reliable,0,0,0,0,3200,3200,25.131,5.981,0,17.442,0,0,0,0,51,18,0,38.5,0,11,6.5,0,0,0,0,0,1.583,7,0,0,0.671,4
2025-06-24 14:00,60,"GLLF_LF090_SIBAR_AYBAR_APT/NodeBFunction:NodeB Function Name=NLF01_39803_LF090_SIBAR_AYBAR_APT/MocID:2/CnOperator:-1",Reliable,0,0,0,0,3200,3200,15.522,4.342,0,11.631,0,0,0,0,47,11,0,42,0,1.5,0.5,0,0,0,0,0,0,0,0,0,0,0
2025-06-24 14:00,60,"GLMG_MG047_SALLAKOGLULARI_APT/NodeBFunction:NodeB Function Name=NMG11_39874_MG047_SALLAKOGLULARI_APT/MocID:2/CnOperator:-1",Reliable,0,0,0,0,3200,3200,22.922,8.36,0,12.997,0,0,0,0,41.5,21,0,28,1,9,2.5,0,0,0,0,0,1.228,9,0,0,0.569,4
2025-06-24 14:00,60,"SRGN_GN140_ERDENER_MARKET/NodeBFunction:NodeB Function Name=NGN01_39893_GN140_ERDENER_MARKET/MocID:2/CnOperator:-1",Reliable,0,0,0,0,3200,3200,18.615,4.315,0,11.992,0,0,0,0,45.5,13,0,36,0,5,2.5,0,0,0,0,0,0,0,0,0,0,0
2025-06-24 14:00,60,"GLIS_IS032_OTUKEN/NodeBFunction:NodeB Function Name=NIS11_39687_IS032_OTUKEN/MocID:2/CnOperator:-1",Reliable,0,0,0,0,3200,3200,42.151,18.222,0,18.283,0,0,0,0,69.5,38,0,37,5,23.5,7.5,0,0,0,0,0,5.201,16,0,0,1.973,7
2025-06-24 14:00,60,"GLMG_MG031_KARAKOL_NEW/NodeBFunction:NodeB Function Name=NMG11_39858_MG031_KARAKOL_NEW/MocID:2/CnOperator:-1",Reliable,0,0,0,0,3200,3200,9.131,3.921,0,5.584,0,0,0,0,21.5,15,0,15.5,0,1,1,0,0,0,0,0,0,0,0,0,0,0
2025-06-24 14:00,60,"GLGN_GN123_SAMI_OTEL/NodeBFunction:NodeB Function Name=NGN01_39623_GN123_SAMI_OTEL/MocID:2/CnOperator:-1",Reliable,0,0,0,0,3200,3200,13.351,3.478,0,8.808,0,0,0,0,42.5,10,0,36,0,1.5,0,0,0,0,0,0,0,0,0,0,0,0
2025-06-24 14:00,60,"GLGY_GY008_GUZELYURT_YURTLAR/NodeBFunction:NodeB Function Name=NGY01_39646_GY008_GUZELYURT_YURTLAR/MocID:2/CnOperator:-1",Reliable,0,0,0,0,3200,3200,10.04,3.651,0,5.444,0,0,0,0,25,20,0,18,0,0,0,0,0,0,0,0,0,0,0,0,0,0
2025-06-24 14:00,60,"GLGN_GN016_AYDOGAN_APT/NodeBFunction:NodeB Function Name=NGN01_39516_GN016_AYDOGAN_APT/MocID:2/CnOperator:-1",Reliable,0,0,0,0,3200,3200,27.636,7.214,0,18.982,0,0,0,0,70.5,17,0,61.5,1,14.5,7.5,0,0,0,0,0,0,0,0,0,0,0
2025-06-24 14:00,60,"GLGN_GN070_GIRNE_ASKERI_HASTANE/NodeBFunction:NodeB Function Name=NGN01_39570_GN070_GIRNE_ASKERI_HASTANE/MocID:2/CnOperator:-1",Reliable,0,0,0,0,3200,3200,20.258,6.84,0,12.198,0,0,0,0,50.5,18,0,38.5,1,8,3.5,0,0,0,0,0,0,0,0,0,0,0
2025-06-24 14:00,60,"GLGY_GY001_AKCAY/NodeBFunction:NodeB Function Name=NGY01_39639_GY001_AKCAY/MocID:2/CnOperator:-1",Reliable,0,0,0,0,3200,3200,49.842,7.061,0,40.167,0,0,0,0,93.5,16,0,82,1,29,23.5,0,0,0,0,0,0,0,0,0,0,0
2025-06-24 14:00,60,"GLIS_IS008_BOGAZTEPE_KULE/NodeBFunction:NodeB Function Name=NIS11_39663_IS008_BOGAZTEPE_KULE/MocID:2/CnOperator:-1",Reliable,0,0,0,0,3200,3200,84.056,47.312,0,34.787,0,0,0,0,174.5,94,0,69.5,24,50.5,15,0,0,0,0,0,5.296,15,0,0,1.13,5.5
2025-06-24 14:00,60,"GLIS_IS007_BOGAZICI_T_KULE_VIP2/NodeBFunction:NodeB Function Name=NIS11_39662_IS007_BOGAZICI_T_KULE_VIP2/MocID:2/CnOperator:-1",Reliable,0,0,0,0,3200,3200,45.771,17.603,0,24.708,0,0,0,0,77,37,0,48.5,4,22,8.5,0,0,0,0,0,4.557,13.5,0,0,2.135,6.5
2025-06-24 14:00,60,"GLGN_GN011_ALSANCAK_MERKEZ/NodeBFunction:NodeB Function Name=NGN01_39511_GN011_ALSANCAK_MERKEZ/MocID:2/CnOperator:-1",Reliable,0,0,0,0,3200,3200,16.003,5.472,0,9.647,0,0,0,0,34.5,14,0,26,1,4,0.5,0,0,0,0,0,0,0,0,0,0,0
2025-06-24 14:00,60,"GLIS_IS016_ISKELE_TD/NodeBFunction:NodeB Function Name=NIS11_39671_IS016_ISKELE_TD/MocID:2/CnOperator:-1",Reliable,0,0,0,0,3200,3200,27.556,13.438,0,14.835,0,0,0,0,48,33,0,27,2,11.5,6.5,0,0,0,0,0,0,0,0,0,0,0
2025-06-24 14:00,60,"GLLF_LF110_YENIKENT_VIP1/NodeBFunction:NodeB Function Name=NLF01_39823_LF110_YENIKENT_VIP1/MocID:2/CnOperator:-1",Reliable,0,0,0,0,3200,3200,18.496,6.817,0,12.197,0,0,0,0,47.5,42,0,40,1,4,1.5,0,0,0,0,0,0,0,0,0,0,0
2025-06-24 14:00,60,"GLLF_LF018_CYPRUS_UNIVERSITY_VIP1/NodeBFunction:NodeB Function Name=NLF01_39731_LF018_CYPRUS_UNIVERSITY_VIP1/MocID:2/CnOperator:-1",Reliable,0,0,0,0,3200,3200,22.116,7.11,0,13.878,0,0,0,0,49.5,17,0,40,1,7,1.5,0,0,0,0,0,0,0,0,0,0,0
2025-06-24 14:00,60,"GLMG_MG001_AKDOGAN/NodeBFunction:NodeB Function Name=NMG11_39828_MG001_AKDOGAN/MocID:2/CnOperator:-1",Reliable,0,0,0,0,3200,3200,21.969,7.281,0,16.889,0,0,0,0,71.5,17,0,66.5,2,10,7,0,0,0,0,0,0,0,0,0,0,0
2025-06-24 14:00,60,"GLGN_GN121_RUSTEMOGLU/NodeBFunction:NodeB Function Name=NGN01_39621_GN121_RUSTEMOGLU/MocID:2/CnOperator:-1",Reliable,0,0,0,0,3200,3200,12.135,3.349,0,7.586,0,0,0,0,28.5,9,0,23,0,1.5,0.5,0,0,0,0,0,0,0,0,0,0,0
2025-06-24 14:00,60,"GLIS_IS038_YENI_BOGAZICI_NEW/NodeBFunction:NodeB Function Name=NIS11_39693_IS038_YENI_BOGAZICI_NEW/MocID:2/CnOperator:-1",Reliable,0,0,0,0,3200,3200,36.224,13.254,0,22.426,0,0,0,0,73.5,36,0,58.5,2,13.5,5.5,0,0,0,0,0,0,0,0,0,0,0
2025-06-24 14:00,60,"GLGN_GN037_DEGIRMENLIK_KULE/NodeBFunction:NodeB Function Name=NGN01_39537_GN037_DEGIRMENLIK_KULE/MocID:2/CnOperator:-1",Reliable,0,0,0,0,3200,3200,26.698,9.818,0,15.494,0,0,0,0,59.5,20,0,49.5,3,11.5,3,0,0,0,0,0,0,0,0,0,0,0
2025-06-24 14:00,60,"GLLF_LF084_OSMAN_DEMIREL/NodeBFunction:NodeB Function Name=NLF01_39797_LF084_OSMAN_DEMIREL/MocID:2/CnOperator:-1",Reliable,0,0,0,0,3200,3200,16.999,6.801,0,10.459,0,0,0,0,36.5,13,0,27,1,4.5,2,0,0,0,0,0,0,0,0,0,0,0
2025-06-24 14:00,60,"GLMG_MG022_GECITKALE_TD/NodeBFunction:NodeB Function Name=NMG11_39849_MG022_GECITKALE_TD/MocID:2/CnOperator:-1",Reliable,0,0,0,0,3200,3200,21.535,6.954,0,13.409,0,0,0,0,42,29,0,32,0,6.5,1,0,0,0,0,0,1.231,7,0,0,0.618,3
2025-06-24 14:00,60,"GLGN_GN081_HISARKOY/NodeBFunction:NodeB Function Name=NGN01_39581_GN081_HISARKOY/MocID:2/CnOperator:-1",Reliable,0,0,0,0,3200,3200,13.645,1.485,0,9.503,0,0,0,0,36,9,0,28.5,0,3.5,2,0,0,0,0,0,0,0,0,0,0,0
2025-06-24 14:00,60,"GLMG_MG006_BEYARMUDU_TD/NodeBFunction:NodeB Function Name=NMG11_39833_MG006_BEYARMUDU_TD/MocID:2/CnOperator:-1",Reliable,0,0,0,0,3200,3200,21.133,7.981,0,12.038,0,0,0,0,67.5,27,0,56,0,3.5,1,0,0,0,0,0,0.659,7,0,0,0.272,3
2025-06-24 14:00,60,"GLMG_MG005_AYLUKA/NodeBFunction:NodeB Function Name=NMG11_39832_MG005_AYLUKA/MocID:2/CnOperator:-1",Reliable,0,0,0,0,3200,3200,31.963,17.159,0,6.938,0,0,0,0,54.5,38,0,19,2,11.5,1,0,0,0,0,0,7.725,22,0,0,0.298,4
2025-06-24 14:00,60,"GLMG_MG036_MAGOSA_TERMINAL/NodeBFunction:NodeB Function Name=NMG11_39863_MG036_MAGOSA_TERMINAL/MocID:2/CnOperator:-1",Reliable,0,0,0,0,3200,3200,30.524,8.156,0,20.793,0,0,0,0,57.5,18,0,43,2,11.5,5,0,0,0,0,0,2.153,8,0,0,0.829,4
2025-06-24 14:00,60,"GLMG_MG037_MAGOSA_UN/NodeBFunction:NodeB Function Name=NMG11_39864_MG037_MAGOSA_UN/MocID:2/CnOperator:-1",Reliable,0,0,0,0,3200,3200,15.961,5.731,0,9.806,0,0,0,0,42.5,15,0,36,0,3.5,1.5,0,0,0,0,0,0,0,0,0,0,0
2025-06-24 14:00,60,"GLMG_MG039_MUTLUYAKA/NodeBFunction:NodeB Function Name=NMG11_39866_MG039_MUTLUYAKA/MocID:2/CnOperator:-1",Reliable,0,0,0,0,3200,3200,25.696,10.058,0,16.092,0,0,0,0,55,42,0,37,0,6.5,4.5,0,0,0,0,0,0,0,0,0,0,0
2025-06-24 14:00,60,"GLLF_LF083_ORTAKOY_VIP1/NodeBFunction:NodeB Function Name=NLF01_39796_LF083_ORTAKOY_VIP1/MocID:2/CnOperator:-1",Reliable,0,0,0,0,3200,3200,12.298,5.118,0,6.828,0,0,0,0,32.5,13,0,24.5,0,2.5,0,0,0,0,0,0,0,0,0,0,0,0
2025-06-24 14:00,60,"GLMG_MG007_BOZTUNA/NodeBFunction:NodeB Function Name=NMG11_39834_MG007_BOZTUNA/MocID:2/CnOperator:-1",Reliable,0,0,0,0,3200,3200,48.233,25.128,0,24.154,0,0,0,0,84,46,0,47.5,10,27,9,0,0,0,0,0,0,0,0,0,0,0
2025-06-24 14:00,60,"GLMG_MG061_ZIYAGOKALP/NodeBFunction:NodeB Function Name=NMG11_39888_MG061_ZIYAGOKALP/MocID:2/CnOperator:-1",Reliable,0,0,0,0,3200,3200,29.572,12.032,0,15.837,0,0,0,0,49.5,24,0,34,4,12.5,5.5,0,0,0,0,0,4.368,11.5,0,0,2.055,6.5
2025-06-24 14:00,60,"GLMG_MG043_PASAKOY_VIP2/NodeBFunction:NodeB Function Name=NMG11_39870_MG043_PASAKOY_VIP2/MocID:2/CnOperator:-1",Reliable,0,0,0,0,3200,3200,18.956,5.389,0,14.538,0,0,0,0,37,15,0,29,1,6,4.5,0,0,0,0,0,0,0,0,0,0,0
2025-06-24 14:00,60,"GLLF_LF068_LEVENT/NodeBFunction:NodeB Function Name=NLF01_39781_LF068_LEVENT/MocID:2/CnOperator:-1",Reliable,0,0,0,0,3200,3200,7.84,3.251,0,4.928,0,0,0,0,28,8,0,24.5,0,1.5,0.5,0,0,0,0,0,0,0,0,0,0,0
2025-06-24 14:00,60,"GLLF_LF088_SANAYI/NodeBFunction:NodeB Function Name=NLF01_39801_LF088_SANAYI/MocID:2/CnOperator:-1",Reliable,0,0,0,0,3200,3200,26.058,7.836,0,17.381,0,0,0,0,56.5,18,0,46,2,13,9.5,0,0,0,0,0,0,0,0,0,0,0
2025-06-24 14:00,60,"GLLF_LF051_HASPOLAT_SANAYI/NodeBFunction:NodeB Function Name=NLF01_39764_LF051_HASPOLAT_SANAYI/MocID:2/CnOperator:-1",Reliable,0,0,0,0,3200,3200,19.378,7.399,0,11.248,0,0,0,0,36.5,18,0,25,2,7,2.5,0,0,0,0,0,0,0,0,0,0,0
2025-06-24 14:00,60,"GLLF_LF066_LEMAR_AVM/NodeBFunction:NodeB Function Name=NLF01_39779_LF066_LEMAR_AVM/MocID:2/CnOperator:-1",Reliable,0,0,0,0,3200,3200,23.958,7.1,0,15.424,0,0,0,0,58,19,0,47,1,9.5,4.5,0,0,0,0,0,0,0,0,0,0,0
2025-06-24 14:00,60,"GLLF_LF087_SABRI_ORIENT_VIP1/NodeBFunction:NodeB Function Name=NLF01_39800_LF087_SABRI_ORIENT_VIP1/MocID:2/CnOperator:-1",Reliable,0,0,0,0,3200,3200,21.476,6.89,0,13.146,0,0,0,0,73.5,15,0,63,1,9,4.5,0,0,0,0,0,0,0,0,0,0,0
2025-06-24 14:00,60,"GLLF_LF061_KIZILBAS/NodeBFunction:NodeB Function Name=NLF01_39774_LF061_KIZILBAS/MocID:2/CnOperator:-1",Reliable,0,0,0,0,3200,3200,18.246,6.111,0,10.882,0,0,0,0,41.5,14,0,29.5,0,4.5,2,0,0,0,0,0,0,0,0,0,0,0
2025-06-24 14:00,60,"GLLF_LF096_TOYOTA_PLAZA/NodeBFunction:NodeB Function Name=NLF01_39809_LF096_TOYOTA_PLAZA/MocID:2/CnOperator:-1",Reliable,0,0,0,0,3200,3200,17.433,7.024,0,10.847,0,0,0,0,45.5,16,0,35,2,6,3.5,0,0,0,0,0,0,0,0,0,0,0
2025-06-24 14:00,60,"GLLF_LF105_YDU_TIP_VIP1/NodeBFunction:NodeB Function Name=NLF01_39818_LF105_YDU_TIP_VIP1/MocID:2/CnOperator:-1",Reliable,0,0,0,0,3200,3200,10.794,3.364,0,7.251,0,0,0,0,59,10,0,55.5,0,1.5,0,0,0,0,0,0,0,0,0,0,0,0
2025-06-24 14:00,60,"GLLF_LF103_YDU_KUTUPHANE/NodeBFunction:NodeB Function Name=NLF01_39816_LF103_YDU_KUTUPHANE/MocID:2/CnOperator:-1",Reliable,0,0,0,0,3200,3200,7.787,2.833,0,4.231,0,0,0,0,23.5,9,0,16.5,0,0,0,0,0,0,0,0,0,0,0,0,0,0
2025-06-24 14:00,60,"GLGN_GN022_BEYLERBEYI_ESK/NodeBFunction:NodeB Function Name=NGN01_39522_GN022_BEYLERBEYI_ESK/MocID:2/CnOperator:-1",Reliable,0,0,0,0,3200,3200,2.793,0.897,0,1.974,0,0,0,0,14.5,5,0,13,0,0,0,0,0,0,0,0,0,0,0,0,0,0
2025-06-24 14:00,60,"GLLF_LF099_YAKINDOGU/NodeBFunction:NodeB Function Name=NLF01_39812_LF099_YAKINDOGU/MocID:2/CnOperator:-1",Reliable,0,0,0,0,3200,3200,12.905,3.269,0,9.081,0,0,0,0,29,9,0,28,0,4.5,2.5,0,0,0,0,0,0,0,0,0,0,0
2025-06-24 14:00,60,"GLGN_GN050_DORANA/NodeBFunction:NodeB Function Name=NGN01_39550_GN050_DORANA/MocID:2/CnOperator:-1",Reliable,0,0,0,0,3200,3200,11.379,3.836,0,6.293,0,0,0,0,27,10,0,24,0,2.5,0,0,0,0,0,0,0,0,0,0,0,0
2025-06-24 14:00,60,"GLLF_LF102_YDU_ILETISIM/NodeBFunction:NodeB Function Name=NLF01_39815_LF102_YDU_ILETISIM/MocID:2/CnOperator:-1",Reliable,0,0,0,0,3200,3200,3.419,1.668,0,1.577,0,0,0,0,23,6,0,20,0,0,0,0,0,0,0,0,0,0,0,0,0,0
2025-06-24 14:00,60,"GLGN_GN051_DUSEM_APT/NodeBFunction:NodeB Function Name=NGN01_39551_GN051_DUSEM_APT/MocID:2/CnOperator:-1",Reliable,0,0,0,0,3200,3200,6.501,0.982,0,5.492,0,0,0,0,18,6,0,16,0,0,0,0,0,0,0,0,0,0,0,0,0,0
2025-06-24 14:00,60,"GLLK_LK002_CEM_PISMIS_PETROL/NodeBFunction:NodeB Function Name=NLK01_39700_LK002_CEM_PISMIS_PETROL/MocID:2/CnOperator:-1",Reliable,0,0,0,0,3200,3200,9.493,2.871,0,6.183,0,0,0,0,35,8,0,29.5,0,0,0,0,0,0,0,0,0,0,0,0,0,0
2025-06-24 14:00,60,"GLLK_LK003_CENGIZTOPEL/NodeBFunction:NodeB Function Name=NLK01_39701_LK003_CENGIZTOPEL/MocID:2/CnOperator:-1",Reliable,0,0,0,0,3200,3200,35.019,4.694,0,26.237,0,0,0,0,61,11,0,48,1,19,11.5,0,0,0,0,0,0,0,0,0,0,0
2025-06-24 14:00,60,"GLMG_MG041_OZYAHYALAR/NodeBFunction:NodeB Function Name=NMG11_39868_MG041_OZYAHYALAR/MocID:2/CnOperator:-1",Reliable,0,0,0,0,3200,3200,33.508,11.082,0,19.955,0,0,0,0,82,29,0,69,2,16.5,7.5,0,0,0,0,0,1.122,6,0,0,0.442,3.5
2025-06-24 14:00,60,"GLLF_LF119_TURKER_APT/NodeBFunction:NodeB Function Name=NLF01_39897_LF119_TURKER_APT/MocID:2/CnOperator:-1",Reliable,0,0,0,0,3200,3200,9.037,4.119,0,4.319,0,0,0,0,30,10,0,24,0,1.5,0,0,0,0,0,0,0,0,0,0,0,0
2025-06-24 14:00,60,"GLLF_LF074_METEHAN_ULUC_APT/NodeBFunction:NodeB Function Name=NLF01_39787_LF074_METEHAN_ULUC_APT/MocID:2/CnOperator:-1",Reliable,0,0,0,0,3200,3200,21.093,8.089,0,14.485,0,0,0,0,50,32,0,42,2,8,2.5,0,0,0,0,0,0,0,0,0,0,0
2025-06-24 14:00,60,"GLLF_LF012_BARAJ/NodeBFunction:NodeB Function Name=NLF01_39725_LF012_BARAJ/MocID:2/CnOperator:-1",Reliable,0,0,0,0,3200,3200,5.017,2.226,0,2.851,0,0,0,0,15,7,0,11,0,0,0,0,0,0,0,0,0,0,0,0,0,0
2025-06-24 14:00,60,"GLGY_GY015_SULEYMANLAR_AUTOS/NodeBFunction:NodeB Function Name=NGY01_39653_GY015_SULEYMANLAR_AUTOS/MocID:2/CnOperator:-1",Reliable,0,0,0,0,3200,3200,11.415,2.901,0,7.916,0,0,0,0,35,8,0,28.5,0,1.5,0,0,0,0,0,0,0,0,0,0,0,0
2025-06-24 14:00,60,"GLLF_LF048_HAMITKOY_2/NodeBFunction:NodeB Function Name=NLF01_39761_LF048_HAMITKOY_2/MocID:2/CnOperator:-1",Reliable,0,0,0,0,3200,3200,17.301,5.303,0,12.004,0,0,0,0,53,14,0,47.5,0,1,0,0,0,0,0,0,0,0,0,0,0,0
2025-06-24 14:00,60,"GLGN_GN015_ATLANTIK_HOTEL/NodeBFunction:NodeB Function Name=NGN01_39515_GN015_ATLANTIK_HOTEL/MocID:2/CnOperator:-1",Reliable,0,0,0,0,3200,3200,8.771,3.497,0,5.345,0,0,0,0,21.5,8,0,18,0,0.5,0,0,0,0,0,0,0,0,0,0,0,0
2025-06-24 14:00,60,"GLGN_GN072_GIRNE_CEMBER/NodeBFunction:NodeB Function Name=NGN01_39572_GN072_GIRNE_CEMBER/MocID:2/CnOperator:-1",Reliable,0,0,0,0,3200,3200,24.485,9.029,0,17.419,0,0,0,0,44,19,0,36.5,2,13,7,0,0,0,0,0,0,0,0,0,0,0
2025-06-24 14:00,60,"GLGN_GN108_METIN_OTEL/NodeBFunction:NodeB Function Name=NGN01_39608_GN108_METIN_OTEL/MocID:2/CnOperator:-1",Reliable,0,0,0,0,3200,3200,5.826,2.203,0,2.883,0,0,0,0,15.5,7,0,12.5,0,0.5,0,0,0,0,0,0,0,0,0,0,0,0
2025-06-24 14:00,60,"GLGN_GN125_SONYA_APT/NodeBFunction:NodeB Function Name=NGN01_39625_GN125_SONYA_APT/MocID:2/CnOperator:-1",Reliable,0,0,0,0,3200,3200,20.989,6.882,0,12.659,0,0,0,0,44.5,17,0,35.5,0,5,3.5,0,0,0,0,0,0,0,0,0,0,0
2025-06-24 14:00,60,"GLLF_LF092_TAKALI_APT/NodeBFunction:NodeB Function Name=NLF01_39805_LF092_TAKALI_APT/MocID:2/CnOperator:-1",Reliable,0,0,0,0,3200,3200,14.976,4.537,0,9.598,0,0,0,0,42,14,0,29.5,0,2.5,0,0,0,0,0,0,0,0,0,0,0,0
2025-06-24 14:00,60,"GLGN_GN047_DOGANKOY_TEPE/NodeBFunction:NodeB Function Name=NGN01_39547_GN047_DOGANKOY_TEPE_EPDK/MocID:2/CnOperator:-1",Reliable,0,0,0,0,3200,3200,54.85,15.719,0,37.124,0,0,0,0,88.5,30,0,66,7,26.5,17.5,0,0,0,0,0,0,0,0,0,0,0
2025-06-24 14:00,60,"GLGY_GY007_GUZELYURT_TD/NodeBFunction:NodeB Function Name=NGY01_39645_GY007_GUZELYURT_TD/MocID:2/CnOperator:-1",Reliable,0,0,0,0,3200,3200,45.575,12.606,0,32.041,0,0,0,0,97,22,0,78,4,22,14,0,0,0,0,0,0,0,0,0,0,0
2025-06-24 14:00,60,"GLIS_IS030_NOYANLAR_SEAVIEW/NodeBFunction:NodeB Function Name=NIS11_39685_IS030_NOYANLAR_SEAVIEW/MocID:2/CnOperator:-1",Reliable,0,0,0,0,3200,3200,34.492,15.561,0,17.478,0,0,0,0,58,33,0,40.5,4,15.5,5,0,0,0,0,0,0,0,0,0,0,0
2025-06-24 14:00,60,"GLGN_GN100_LORDS_PALACE_OTEL/NodeBFunction:NodeB Function Name=NGN01_39600_GN100_LORDS_PALACE_OTEL/MocID:2/CnOperator:-1",Reliable,0,0,0,0,3200,3200,11.55,3.921,0,7.522,0,0,0,0,27.5,10,0,21.5,0,3,1,0,0,0,0,0,0,0,0,0,0,0
2025-06-24 14:00,60,"GLLF_LF016_COLAK_APT/NodeBFunction:NodeB Function Name=NLF01_39729_LF016_COLAK_APT/MocID:2/CnOperator:-1",Reliable,0,0,0,0,3200,3200,28.322,11.01,0,17.544,0,0,0,0,54,22,0,38.5,3,12,5.5,0,0,0,0,0,0,0,0,0,0,0
2025-06-24 14:00,60,"GLMG_MG017_DORTYOL_TD/NodeBFunction:NodeB Function Name=NMG11_39844_MG017_DORTYOL_TD/MocID:2/CnOperator:-1",Reliable,0,0,0,0,3200,3200,41.975,11.958,0,28.752,0,0,0,0,75.5,28,0,54.5,3,22.5,14.5,0,0,0,0,0,2.186,13,0,0,0.972,7
2025-06-24 14:00,60,"GLMG_MG046_SALAMIS_TD/NodeBFunction:NodeB Function Name=NMG11_39873_MG046_SALAMIS_TD/MocID:2/CnOperator:-1",Reliable,0,0,0,0,3200,3200,32.715,9.976,0,19.71,0,0,0,0,56.5,24,0,42.5,2,13.5,5.5,0,0,0,0,0,4.739,14.5,0,0,2.683,9
2025-06-24 14:00,60,"GLMG_MG012_DAGLI_HOTEL/NodeBFunction:NodeB Function Name=NMG11_39839_MG012_DAGLI_HOTEL/MocID:2/CnOperator:-1",Reliable,0,0,0,0,3200,3200,32.394,10.904,0,20.733,0,0,0,0,71,31,0,56,3,15,8,0,0,0,0,0,2.362,9,0,0,1.038,4.5
2025-06-24 14:00,60,"GLMG_MG035_MAGOSA_SURICI_CARSI/NodeBFunction:NodeB Function Name=NMG11_39862_MG035_MAGOSA_SURICI_CARSI/MocID:2/CnOperator:-1",Reliable,0,0,0,0,3200,3200,27.879,11.664,0,16.665,0,0,0,0,56.5,32,0,36.5,1,11,5.5,0,0,0,0,0,0,0,0,0,0,0
2025-06-24 14:00,60,"GLMG_MG019_DUBARA/NodeBFunction:NodeB Function Name=NMG11_39846_MG019_DUBARA/MocID:2/CnOperator:-1",Reliable,0,0,0,0,3200,3200,16.064,4.518,0,9.42,0,0,0,0,36.5,17,0,27,0,3,2,0,0,0,0,0,2.344,10,0,0,0.953,5
2025-06-24 14:00,60,"SRIS_IS033_SENMAR/NodeBFunction:NodeB Function Name=NIS11_39688_IS033_SENMAR/MocID:2/CnOperator:-1",Reliable,0,0,0,0,3200,3200,25.178,9.692,0,14.788,0,0,0,0,72,37,0,61,1,6,2,0,0,0,0,0,0,0,0,0,0,0
2025-06-24 14:00,60,"SRLF_LF008_ATACAN_APT/NodeBFunction:NodeB Function Name=NLF01_39721_LF008_ATACAN_APT/MocID:2/CnOperator:-1",Reliable,0,0,0,0,3200,3200,11.662,3.865,0,8.093,0,0,0,0,40.5,13,0,36.5,0,2,1,0,0,0,0,0,0,0,0,0,0,0
2025-06-24 14:00,60,"GLMG_MG048_SERBEST_LIMAN_VIP2/NodeBFunction:NodeB Function Name=NMG11_39875_MG048_SERBEST_LIMAN_VIP2/MocID:2/CnOperator:-1",Reliable,0,0,0,0,3200,3200,37.219,14.035,0,24.994,0,0,0,0,89.5,31,0,75.5,4,16.5,6.5,0,0,0,0,0,0,0,0,0,0,0
2025-06-24 14:00,60,"GLLF_LF044_GORMEZLER_DERNEGI/NodeBFunction:NodeB Function Name=NLF01_39757_LF044_GORMEZLER_DERNEGI/MocID:2/CnOperator:-1",Reliable,0,0,0,0,3200,3200,16.972,9.113,0,8.684,0,0,0,0,35.5,20,0,27,2,4,0.5,0,0,0,0,0,0,0,0,0,0,0
2025-06-24 14:00,60,"SRLF_LF041_GONYELI_KILER/NodeBFunction:NodeB Function Name=NLF01_39754_LF041_GONYELI_KILER/MocID:2/CnOperator:-1",Reliable,0,0,0,0,3200,3200,11.595,4.614,0,7.616,0,0,0,0,31,12,0,27.5,1,3,0.5,0,0,0,0,0,0,0,0,0,0,0
2025-06-24 14:00,60,"GLLF_LF030_ERCANTAN/NodeBFunction:NodeB Function Name=NLF01_39743_LF030_ERCANTAN/MocID:2/CnOperator:-1",Reliable,0,0,0,0,3200,3200,30.575,11.321,0,17.778,0,0,0,0,69.5,20,0,58.5,4,15.5,8.5,0,0,0,0,0,0,0,0,0,0,0
2025-06-24 14:00,60,"SRGN_GN003_AGIRDAG/NodeBFunction:NodeB Function Name=NGN01_39503_GN003_AGIRDAG/MocID:2/CnOperator:-1",Reliable,0,0,0,0,3200,3200,9.733,2.25,0,6.812,0,0,0,0,25,9,0,21.5,0,0.5,0,0,0,0,0,0,0,0,0,0,0,0
2025-06-24 14:00,60,"GLGN_GN075_GIRNE_TURK_MAHALLESI/NodeBFunction:NodeB Function Name=NGN01_39575_GN075_GIRNE_TURK_MAHALLESI/MocID:2/CnOperator:-1",Reliable,0,0,0,0,3200,3200,13.349,4.674,0,7.147,0,0,0,0,40,13,0,31,0,1,0,0,0,0,0,0,0,0,0,0,0,0
2025-06-24 14:00,60,"GLGN_GN044_DIKMEN_YOLU_KULE_VIP2/NodeBFunction:NodeB Function Name=NGN01_39544_GN044_DIKMEN_YOLU_KULE_VIP2/MocID:2/CnOperator:-1",Reliable,0,0,0,0,3200,3200,8.339,2.954,0,5.74,0,0,0,0,40,9,0,35,0,0.5,0,0,0,0,0,0,0,0,0,0,0,0
2025-06-24 14:00,60,"GLGN_GN021_BEYLERBEYI/NodeBFunction:NodeB Function Name=NGN01_39521_GN021_BEYLERBEYI/MocID:2/CnOperator:-1",Reliable,0,0,0,0,3200,3200,3.483,0.922,0,2.422,0,0,0,0,13,4,0,10.5,0,0,0,0,0,0,0,0,0,0,0,0,0,0
2025-06-24 14:00,60,"GLIS_IS043_ZIYAMET_VIP2/NodeBFunction:NodeB Function Name=NIS11_39698_IS043_ZIYAMET_VIP2/MocID:2/CnOperator:-1",Reliable,0,0,0,0,3200,3200,15.851,6.014,0,10.564,0,0,0,0,52.5,21,0,42.5,1,5,2,0,0,0,0,0,0,0,0,0,0,0
2025-06-24 14:00,60,"GLMG_MG027_IKIBUCUK_MIL/NodeBFunction:NodeB Function Name=NMG11_39854_MG027_IKIBUCUK_MIL/MocID:2/CnOperator:-1",Reliable,0,0,0,0,3200,3200,18.707,6.536,0,10.628,0,0,0,0,38.5,20,0,27.5,0,6,2,0,0,0,0,0,2.029,8.5,0,0,0.887,4.5
2025-06-24 14:00,60,"GLLF_LF106_YENICEKOY/NodeBFunction:NodeB Function Name=NLF01_39819_LF106_YENICEKOY/MocID:2/CnOperator:-1",Reliable,0,0,0,0,3200,3200,20.953,7.182,0,11.504,0,0,0,0,37.5,15,0,25.5,1,8,3.5,0,0,0,0,0,0,0,0,0,0,0
2025-06-24 14:00,60,"GLMG_MG010_CANAKKALE_VIP2/NodeBFunction:NodeB Function Name=NMG11_39837_MG010_CANAKKALE_VIP2/MocID:2/CnOperator:-1",Reliable,0,0,0,0,3200,3200,49.155,31.921,0,13.908,0,0,0,0,82.5,53,0,41.5,12,27.5,2.5,0,0,0,0,0,3.587,12.5,0,0,1.505,6.5
2025-06-24 14:00,60,"GLLK_LK011_LEFKE_YURT/NodeBFunction:NodeB Function Name=NLK01_39709_LK011_LEFKE_YURT/MocID:2/CnOperator:-1",Reliable,0,0,0,0,3200,3200,8.211,3.093,0,4.694,0,0,0,0,21,9,0,16,0,0.5,0,0,0,0,0,0,0,0,0,0,0,0
2025-06-24 14:00,60,"GLLK_LK010_LEFKE_UNIVERSITESI_VIP1/NodeBFunction:NodeB Function Name=NLK01_39708_LK010_LEFKE_UNIVERSITESI_VIP1/MocID:2/CnOperator:-1",Reliable,0,0,0,0,3200,3200,12.101,4.938,0,7.096,0,0,0,0,34.5,10,0,29.5,1,4.5,2,0,0,0,0,0,0,0,0,0,0,0
2025-06-24 14:00,60,"GLGN_GN005_ALAGADI/NodeBFunction:NodeB Function Name=NGN01_39505_GN005_ALAGADI/MocID:2/CnOperator:-1",Reliable,0,0,0,0,3200,3200,31.995,7.461,0,23.487,0,0,0,0,73,15,0,68,2,11,4.5,0,0,0,0,0,0,0,0,0,0,0
2025-06-24 14:00,60,"GLLK_LK008_LEFKE_MONOPLE/NodeBFunction:NodeB Function Name=NLK01_39706_LK008_LEFKE_MONOPLE/MocID:2/CnOperator:-1",Reliable,0,0,0,0,3200,3200,10.782,3.969,0,5.876,0,0,0,0,35.5,11,0,32.5,0,2,0.5,0,0,0,0,0,0,0,0,0,0,0
2025-06-24 14:00,60,"GLLK_LK012_NILDER_APT/NodeBFunction:NodeB Function Name=NLK01_39710_LK012_NILDER_APT/MocID:2/CnOperator:-1",Reliable,0,0,0,0,3200,3200,6.46,2.244,0,3.644,0,0,0,0,19.5,6,0,16.5,0,0.5,0,0,0,0,0,0,0,0,0,0,0,0
2025-06-24 14:00,60,"GLGN_GN040_DENIZKIZI/NodeBFunction:NodeB Function Name=NGN01_39540_GN040_DENIZKIZI/MocID:2/CnOperator:-1",Reliable,0,0,0,0,3200,3200,23.301,5.372,0,16.634,0,0,0,0,59,13,0,52,0,7,3,0,0,0,0,0,0,0,0,0,0,0
2025-06-24 14:00,60,"GLMG_MG013_DAU_UCANER/NodeBFunction:NodeB Function Name=NMG11_39840_MG013_DAU_UCANER/MocID:2/CnOperator:-1",Reliable,0,0,0,0,3200,3200,10.53,3.903,0,4.455,0,0,0,0,30.5,14,0,25.5,0,1.5,0,0,0,0,0,0,2.444,12.5,0,0,1.006,5.5
2025-06-24 14:00,60,"GLMG_MG015_DAU_YURT/NodeBFunction:NodeB Function Name=NMG11_39842_MG015_DAU_YURT/MocID:2/CnOperator:-1",Reliable,0,0,0,0,3200,3200,14.697,4.463,0,7.572,0,0,0,0,38,13,0,30,0,3,1.5,0,0,0,0,0,2.692,9.5,0,0,1.188,4.5
2025-06-24 14:00,60,"GLLF_LF082_ORAY_SITESI/NodeBFunction:NodeB Function Name=NLF01_39795_LF082_ORAY_SITESI/MocID:2/CnOperator:-1",Reliable,0,0,0,0,3200,3200,3.974,2.188,0,1.407,0,0,0,0,12,8,0,10,0,0,0,0,0,0,0,0,0,0,0,0,0,0
2025-06-24 14:00,60,"GLGN_GN017_BAHCELI/NodeBFunction:NodeB Function Name=NGN01_39517_GN017_BAHCELI/MocID:2/CnOperator:-1",Reliable,0,0,0,0,3200,3200,45.564,10.781,0,35.206,0,0,0,0,116,47,0,69,3,15,10.5,0,0,0,0,0,0,0,0,0,0,0
2025-06-24 14:00,60,"GLGN_GN019_BASPINAR/NodeBFunction:NodeB Function Name=NGN01_39519_GN019_BASPINAR/MocID:2/CnOperator:-1",Reliable,0,0,0,0,3200,3200,19.464,5.526,0,11.706,0,0,0,0,41,15,0,27.5,0,6,3,0,0,0,0,0,0,0,0,0,0,0
2025-06-24 14:00,60,"GLLF_LF085_OZYUKSEL/NodeBFunction:NodeB Function Name=NLF01_39798_LF085_OZYUKSEL/MocID:2/CnOperator:-1",Reliable,0,0,0,0,3200,3200,10.962,3.817,0,6.167,0,0,0,0,34.5,12,0,26.5,0,2,0.5,0,0,0,0,0,0,0,0,0,0,0
2025-06-24 14:00,60,"GLLF_LF024_ERAY_GARAJ/NodeBFunction:NodeB Function Name=NLF01_39737_LF024_ERAY_GARAJ/MocID:2/CnOperator:-1",Reliable,0,0,0,0,3200,3200,13.012,4.778,0,6.698,0,0,0,0,30,19,0,19,0,1,0,0,0,0,0,0,0,0,0,0,0,0
2025-06-24 14:00,60,"GLGN_GN071_GIRNE_BOGAZ/NodeBFunction:NodeB Function Name=NGN01_39571_GN071_GIRNE_BOGAZ/MocID:2/CnOperator:-1",Reliable,0,0,0,0,3200,3200,30.816,10.169,0,19.395,0,0,0,0,55,21,0,37,2,11,5.5,0,0,0,0,0,0,0,0,0,0,0
2025-06-24 14:00,60,"SRGN_GN104_MERIT_PARK_OTEL/NodeBFunction:NodeB Function Name=NGN01_39604_GN104_MERIT_PARK_OTEL/MocID:2/CnOperator:-1",Reliable,0,0,0,0,3200,3200,11.928,2.844,0,9.419,0,0,0,0,42,8,0,40.5,0,1.5,0,0,0,0,0,0,0,0,0,0,0,0
2025-06-24 14:00,60,"SRGN_GN103_MERIT_IMPERIAL_OTEL/NodeBFunction:NodeB Function Name=NGN01_39603_GN103_MERIT_IMPERIAL_OTEL/MocID:2/CnOperator:-1",Reliable,0,0,0,0,3200,3200,0.666,0.497,0,0.213,0,0,0,0,5,3,0,4.5,0,0,0,0,0,0,0,0,0,0,0,0,0,0
2025-06-24 14:00,60,"GLLF_LF118_GONYELI_ATES_KISLASI/NodeBFunction:NodeB Function Name=NLF01_39899_LF118_GONYELI_ATES_KISLASI/MocID:2/CnOperator:-1",Reliable,0,0,0,0,3200,3200,12.09,4.281,0,7.698,0,0,0,0,41,14,0,32,0,2.5,0,0,0,0,0,0,0,0,0,0,0,0
2025-06-24 14:00,60,"SRIS_IS044_ARKIN_OTEL/NodeBFunction:NodeB Function Name=NIS11_39889_IS044_Iskele_Arkin_Otel/MocID:2/CnOperator:-1",Reliable,0,0,0,0,3200,3200,52.923,31.374,0,19.328,0,0,0,0,103.5,78,0,57,11,24,5,0,0,0,0,0,0,0,0,0,0,0
2025-06-24 14:00,60,"GLLF_LF065_LEMAR/NodeBFunction:NodeB Function Name=NLF01_39778_LF065_LEMAR/MocID:2/CnOperator:-1",Reliable,0,0,0,0,3200,3200,26.206,9.051,0,18.404,0,0,0,0,79,20,0,70.5,3,10.5,6,0,0,0,0,0,0,0,0,0,0,0
2025-06-24 14:00,60,"GLGN_GN055_ERSALAHILER/NodeBFunction:NodeB Function Name=NGN01_39555_GN055_ERSALAHILER/MocID:2/CnOperator:-1",Reliable,0,0,0,0,3200,3200,7.387,1.842,0,5.815,0,0,0,0,31.5,7,0,31,0,0,0,0,0,0,0,0,0,0,0,0,0,0
2025-06-24 14:00,60,"GLGN_GN086_KARAKUM_LEMAR/NodeBFunction:NodeB Function Name=NGN01_39586_GN086_KARAKUM_LEMAR/MocID:2/CnOperator:-1",Reliable,0,0,0,0,3200,3200,16.206,6.114,0,9.672,0,0,0,0,40,15,0,27,1,3.5,0,0,0,0,0,0,0,0,0,0,0,0
2025-06-24 14:00,60,"GLGN_GN008_ALEVKAYA_KOMANDO/NodeBFunction:NodeB Function Name=NGN01_39508_GN008_ALEVKAYA_KOMANDO/MocID:2/CnOperator:-1",Reliable,0,0,0,0,3200,3200,2.868,0.363,0,2.302,0,0,0,0,10.5,4,0,9.5,0,0,0,0,0,0,0,0,0,0,0,0,0,0
2025-06-24 14:00,60,"GLGN_GN012_ALTINKAYA/NodeBFunction:NodeB Function Name=NGN01_39512_GN012_ALTINKAYA/MocID:2/CnOperator:-1",Reliable,0,0,0,0,3200,3200,3.594,1.074,0,2.046,0,0,0,0,13.5,6,0,11.5,0,0,0,0,0,0,0,0,0,0,0,0,0,0
2025-06-24 14:00,60,"GLGN_GN029_CHATEAU_LAMBOUSA_NEW/NodeBFunction:NodeB Function Name=NGN01_39529_GN029_CHATEAU_LAMBOUSA_NEW/MocID:2/CnOperator:-1",Reliable,0,0,0,0,3200,3200,32.422,8.999,0,22.165,0,0,0,0,73.5,19,0,61,1,11,4.5,0,0,0,0,0,0,0,0,0,0,0
2025-06-24 14:00,60,"GLGN_GN078_GUNGOR_ASKERIYE/NodeBFunction:NodeB Function Name=NGN01_39578_GN078_GUNGOR_ASKERIYE/MocID:2/CnOperator:-1",Reliable,0,0,0,0,3200,3200,2.744,0.492,0,2.197,0,0,0,0,17.5,3,0,17,0,0,0,0,0,0,0,0,0,0,0,0,0,0
2025-06-24 14:00,60,"GLGN_GN137_ZEYTINLIK_LEMAR/NodeBFunction:NodeB Function Name=NGN01_39637_GN137_ZEYTINLIK_LEMAR/MocID:2/CnOperator:-1",Reliable,0,0,0,0,3200,3200,4.723,1.842,0,2.278,0,0,0,0,16.5,7,0,12.5,0,0,0,0,0,0,0,0,0,0,0,0,0,0
2025-06-24 14:00,60,"GLGN_GN014_ARAPKOY/NodeBFunction:NodeB Function Name=NGN01_39514_GN014_ARAPKOY/MocID:2/CnOperator:-1",Reliable,0,0,0,0,3200,3200,33.519,7.882,0,23.368,0,0,0,0,62.5,18,0,46,1,13,6,0,0,0,0,0,0,0,0,0,0,0
2025-06-24 14:00,60,"GLGN_GN026_CAMLIBEL/NodeBFunction:NodeB Function Name=NGN01_39526_GN026_CAMLIBEL/MocID:2/CnOperator:-1",Reliable,0,0,0,0,3200,3200,18.278,3.531,0,13.317,0,0,0,0,41.5,12,0,35.5,1,5,3,0,0,0,0,0,0,0,0,0,0,0
2025-06-24 14:00,60,"GLGN_GN063_GAU_CAMPUS_VIP1/NodeBFunction:NodeB Function Name=NGN01_39563_GN063_GAU_CAMPUS_VIP1/MocID:2/CnOperator:-1",Reliable,0,0,0,0,3200,3200,2.516,0.751,0,1.608,0,0,0,0,14,4,0,11.5,0,0,0,0,0,0,0,0,0,0,0,0,0,0
2025-06-24 14:00,60,"GLGN_GN073_GIRNE_MERIT_2/NodeBFunction:NodeB Function Name=NGN01_39573_GN073_GIRNE_MERIT_2/MocID:2/CnOperator:-1",Reliable,0,0,0,0,3200,3200,24.882,5.106,0,17.897,0,0,0,0,76.5,12,0,68.5,0,8,3.5,0,0,0,0,0,0,0,0,0,0,0
2025-06-24 14:00,60,"GLGN_GN084_KALKANLI_VIP2/NodeBFunction:NodeB Function Name=NGN01_39584_GN084_KALKANLI_VIP2/MocID:2/CnOperator:-1",Reliable,0,0,0,0,3200,3200,0,0,0,0,0,0,0,0,0,0,0,0,0,0,0,0,0,0,0,0,0,0,0,0,0,0
2025-06-24 14:00,60,"GLGY_GY002_AYDINKOY/NodeBFunction:NodeB Function Name=NGY01_39640_GY002_AYDINKOY/MocID:2/CnOperator:-1",Reliable,0,0,0,0,3200,3200,26.577,6.399,0,17.597,0,0,0,0,50,14,0,42,0,11.5,5.5,0,0,0,0,0,0,0,0,0,0,0
2025-06-24 14:00,60,"GLLF_LF069_MALIYE_BAKANLIGI/NodeBFunction:NodeB Function Name=NLF01_39782_LF069_MALIYE_BAKANLIGI/MocID:2/CnOperator:-1",Reliable,0,0,0,0,3200,3200,20.813,5.819,0,15.468,0,0,0,0,41,12,0,35.5,1,9.5,5,0,0,0,0,0,0,0,0,0,0,0
2025-06-24 14:00,60,"GLGN_GN062_GAU/NodeBFunction:NodeB Function Name=NGN01_39562_GN062_GAU/MocID:2/CnOperator:-1",Reliable,0,0,0,0,3200,3200,9.989,2.219,0,5.44,0,0,0,0,28.5,8,0,23.5,0,2.5,1,0,0,0,0,0,0,0,0,0,0,0
2025-06-24 14:00,60,"SRGN_GN068_GAU_YURT/NodeBFunction:NodeB Function Name=NGN01_39568_GN068_GAU_YURT/MocID:2/CnOperator:-1",Reliable,0,0,0,0,3200,3200,7.803,1.507,0,5.221,0,0,0,0,59.5,7,0,55.5,0,1,0,0,0,0,0,0,0,0,0,0,0,0
2025-06-24 14:00,60,"GLGY_GY005_GEMIKONAGI/NodeBFunction:NodeB Function Name=NGY01_39643_GY005_GEMIKONAGI/MocID:2/CnOperator:-1",Reliable,0,0,0,0,3200,3200,20.637,5.915,0,13.101,0,0,0,0,49,12,0,44.5,0,7,3,0,0,0,0,0,0,0,0,0,0,0
2025-06-24 14:00,60,"GLGY_GY011_LEFKE_KULE/NodeBFunction:NodeB Function Name=NGY01_39649_GY011_LEFKE_KULE/MocID:2/CnOperator:-1",Reliable,0,0,0,0,3200,3200,10.418,2.276,0,8.52,0,0,0,0,27.5,7,0,25,0,3.5,2.5,0,0,0,0,0,0,0,0,0,0,0
2025-06-24 14:00,60,"GLGY_GY014_SERHATKOY/NodeBFunction:NodeB Function Name=NGY01_39652_GY014_SERHATKOY/MocID:2/CnOperator:-1",Reliable,0,0,0,0,3200,3200,36.569,8.579,0,27.241,0,0,0,0,64,19,0,51.5,2,14.5,9,0,0,0,0,0,0,0,0,0,0,0
2025-06-24 14:00,60,"GLLF_LF124_ERCAN_NEW_AIRPORT_CARPARK/NodeBFunction:NodeB Function Name=NLF01_39910_LF124_ERCAN_NEW_AIRPORT_CARPARK/MocID:2/CnOperator:-1",Reliable,0,0,0,0,3200,3200,12.881,4.067,0,8.98,0,0,0,0,27.5,10,0,22,1,3,2,0,0,0,0,0,0,0,0,0,0,0
2025-06-24 14:00,60,"GLLF_LF129_ERCAN_NEW_AIRPORT_POWER_CENTER/NodeBFunction:NodeB Function Name=NLF01_39915_LF129_ERCAN_NEW_AIRPORT_POWER_CENTER/MocID:2/CnOperator:-1",Reliable,0,0,0,0,3200,3200,10.365,2.167,0,7.119,0,0,0,0,25.5,11,0,22,0,1,1,0,0,0,0,0,0,0,0,0,0,0
2025-06-24 14:00,60,"GLLF_LF127_ERCAN_NEW_AIRPORT_GATE103/NodeBFunction:NodeB Function Name=NLF01_39913_LF127_ERCAN_NEW_AIRPORT_GATE103/MocID:2/CnOperator:-1",Reliable,0,0,0,0,3200,3200,4.944,0.762,0,3.737,0,0,0,0,38.5,6,0,36.5,0,0,0,0,0,0,0,0,0,0,0,0,0,0
2025-06-24 14:00,60,"GLLF_LF128_ERCAN_NEW_AIRPORT_GATE105/NodeBFunction:NodeB Function Name=NLF01_39914_LF128_ERCAN_NEW_AIRPORT_GATE105/MocID:2/CnOperator:-1",Reliable,0,0,0,0,3200,3200,4.679,1.894,0,2.542,0,0,0,0,36.5,7,0,34.5,0,0.5,0,0,0,0,0,0,0,0,0,0,0,0
2025-06-24 14:00,60,"GLIS_IS014_DOKTORLAR_SITESI/NodeBFunction:NodeB Function Name=NIS11_39669_IS014_DOKTORLAR_SITESI/MocID:2/CnOperator:-1",Reliable,0,0,0,0,3200,3200,65.714,33.55,0,27.082,0,0,0,0,97,60,0,48.5,14,39.5,12.5,0,0,0,0,0,5.033,13,0,0,1.724,6
2025-06-24 14:00,60,"GLMG_MG038_MARAS_TD/NodeBFunction:NodeB Function Name=NMG11_39865_MG038_MARAS_TD/MocID:2/CnOperator:-1",Reliable,0,0,0,0,3200,3200,26.74,10.407,0,15.26,0,0,0,0,53.5,28,0,33.5,3,7.5,4.5,0,0,0,0,0,1.447,7,0,0,0.403,3.5
2025-06-24 14:00,60,"GLMG_MG003_ALI_EDIP/NodeBFunction:NodeB Function Name=NMG11_39830_MG003_ALI_EDIP/MocID:2/CnOperator:-1",Reliable,0,0,0,0,3200,3200,25.363,9.408,0,14.731,0,0,0,0,53.5,21,0,39.5,2,11.5,5,0,0,0,0,0,0,0,0,0,0,0
2025-06-24 14:00,60,"GLMG_MG049_SERDARLI/NodeBFunction:NodeB Function Name=NMG11_39876_MG049_SERDARLI/MocID:2/CnOperator:-1",Reliable,0,0,0,0,3200,3200,9.902,3.907,0,5.414,0,0,0,0,28,17,0,20.5,0,0.5,0,0,0,0,0,0,0.218,4,0,0,0.089,2
2025-06-24 14:00,60,"GLIS_IS028_MEHMETCIK/NodeBFunction:NodeB Function Name=NIS11_39683_IS028_MEHMETCIK/MocID:2/CnOperator:-1",Reliable,0,0,0,0,3200,3200,18.194,6.356,0,11.938,0,0,0,0,39.5,19,0,28.5,0,4,2,0,0,0,0,0,1.149,8,0,0,0.502,5
2025-06-24 14:00,60,"GLMG_MG018_DSI_VIP1/NodeBFunction:NodeB Function Name=NMG11_39845_MG018_DSI_VIP1/MocID:2/CnOperator:-1",Reliable,0,0,0,0,3200,3200,13.894,5.225,0,8.468,0,0,0,0,57,15,0,45.5,0,3.5,2,0,0,0,0,0,0,0,0,0,0,0
2025-06-24 14:00,60,"GLGN_GN061_FOG_TV/NodeBFunction:NodeB Function Name=NGN01_39561_GN061_FOG_TV/MocID:2/CnOperator:-1",Reliable,0,0,0,0,3200,3200,7.707,2.368,0,4.207,0,0,0,0,22,9,0,15,0,0,0,0,0,0,0,0,0,0,0,0,0,0
2025-06-24 14:00,60,"GLGN_GN089_KARSIYAKA/NodeBFunction:NodeB Function Name=NGN01_39589_GN089_KARSIYAKA/MocID:2/CnOperator:-1",Reliable,0,0,0,0,3200,3200,22.534,6.473,0,16.029,0,0,0,0,50.5,14,0,40,0,8,3.5,0,0,0,0,0,0,0,0,0,0,0
2025-06-24 14:00,60,"GLGY_GY017_ZAKKUM/NodeBFunction:NodeB Function Name=NGY01_39655_GY017_ZAKKUM/MocID:2/CnOperator:-1",Reliable,0,0,0,0,3200,3200,25.797,8.196,0,14.967,0,0,0,0,58,17,0,46,1,10,4,0,0,0,0,0,0,0,0,0,0,0
2025-06-24 14:00,60,"GLIS_IS013_DIPKARPAZ/NodeBFunction:NodeB Function Name=NIS11_39668_IS013_DIPKARPAZ/MocID:2/CnOperator:-1",Reliable,0,0,0,0,3200,3200,34.358,12.492,0,24.341,0,0,0,0,65.5,36,0,52.5,0,11,5.5,0,0,0,0,0,0,0,0,0,0,0
2025-06-24 14:00,60,"GLMG_MG004_ASLANKOY/NodeBFunction:NodeB Function Name=NMG11_39831_MG004_ASLANKOY/MocID:2/CnOperator:-1",Reliable,0,0,0,0,3200,3200,18.724,6.735,0,9.885,0,0,0,0,42.5,18,0,33,0,8,1.5,0,0,0,0,0,0.788,5.5,0,0,0.347,3
2025-06-24 14:00,60,"GLGY_GY003_BOSTANCI/NodeBFunction:NodeB Function Name=NGY01_39641_GY003_BOSTANCI/MocID:2/CnOperator:-1",Reliable,0,0,0,0,3200,3200,21.431,5.671,0,14.701,0,0,0,0,40,14,0,29.5,1,9,5.5,0,0,0,0,0,0,0,0,0,0,0
2025-06-24 14:00,60,"GLIS_IS040_YENIERENKOY_2/NodeBFunction:NodeB Function Name=NIS11_39695_IS040_YENIERENKOY_2/MocID:2/CnOperator:-1",Reliable,0,0,0,0,3200,3200,19.013,6.797,0,11.423,0,0,0,0,44.5,22,0,33.5,0,6.5,4.5,0,0,0,0,0,0.393,3,0,0,0.176,3
2025-06-24 14:00,60,"GLIS_IS042_ZAFERBURNU/NodeBFunction:NodeB Function Name=NIS11_39697_IS042_ZAFERBURNU/MocID:2/CnOperator:-1",Reliable,0,0,0,0,3200,3200,3.661,1.419,0,2.119,0,0,0,0,19,14,0,14.5,0,0,0,0,0,0,0,0,0.093,2,0,0,0.031,1.5
2025-06-24 14:00,60,"GLIS_IS034_SIPAHI/NodeBFunction:NodeB Function Name=NIS11_39689_IS034_SIPAHI/MocID:2/CnOperator:-1",Reliable,0,0,0,0,3200,3200,11.041,4.59,0,5.801,0,0,0,0,29,18,0,25,0,1.5,0,0,0,0,0,0,0.611,4.5,0,0,0.33,3
2025-06-24 14:00,60,"GLMG_MG032_KURUDERE/NodeBFunction:NodeB Function Name=NMG11_39859_MG032_KURUDERE/MocID:2/CnOperator:-1",Reliable,0,0,0,0,3200,3200,10.648,3.982,0,5.28,0,0,0,0,27.5,20,0,19.5,0,1,0,0,0,0,0,0,1.158,6,0,0,0.596,3
2025-06-24 14:00,60,"GLGN_GN130_TITANIK/NodeBFunction:NodeB Function Name=NGN01_39630_GN130_TITANIK/MocID:2/CnOperator:-1",Reliable,0,0,0,0,3200,3200,11.053,1.99,0,8.886,0,0,0,0,38.5,8,0,37,0,0.5,0,0,0,0,0,0,0,0,0,0,0,0
2025-06-24 14:00,60,"GLIS_IS024_KUMYALI/NodeBFunction:NodeB Function Name=NIS11_39679_IS024_KUMYALI/MocID:2/CnOperator:-1",Reliable,0,0,0,0,3200,3200,18.399,7.142,0,11.606,0,0,0,0,51.5,22,0,40,1,4,2,0,0,0,0,0,0.759,5,0,0,0.371,2.5
2025-06-24 14:00,60,"GLGN_GN098_LAVINUIM_SITESI/NodeBFunction:NodeB Function Name=NGN01_39598_GN098_LAVINUIM_SITESI/MocID:2/CnOperator:-1",Reliable,0,0,0,0,3200,3200,8.592,3.263,0,4.53,0,0,0,0,35,9,0,29.5,0,1,0,0,0,0,0,0,0,0,0,0,0,0
2025-06-24 14:00,60,"GLLF_LF029_ERCAN_VIP1/NodeBFunction:NodeB Function Name=NLF01_39742_LF029_ERCAN_VIP1/MocID:2/CnOperator:-1",Reliable,0,0,0,0,3200,3200,1.628,0.679,0,0.887,0,0,0,0,8.5,4,0,8.5,0,0,0,0,0,0,0,0,0,0,0,0,0,0
2025-06-24 14:00,60,"GLGN_GN056_ESENTEPE/NodeBFunction:NodeB Function Name=NGN01_39556_GN056_ESENTEPE/MocID:2/CnOperator:-1",Reliable,0,0,0,0,3200,3200,18.581,5.092,0,11.302,0,0,0,0,64.5,15,0,57,0,2.5,0,0,0,0,0,0,0,0,0,0,0,0
2025-06-24 14:00,60,"GLGN_GN118_PINARBASI/NodeBFunction:NodeB Function Name=NGN01_39618_GN118_PINARBASI/MocID:2/CnOperator:-1",Reliable,0,0,0,0,3200,3200,22.23,5.272,0,14.572,0,0,0,0,64.5,13,0,56.5,0,8,4,0,0,0,0,0,0,0,0,0,0,0
2025-06-24 14:00,60,"GLLF_LF114_ZET_KARTING_VIP2/NodeBFunction:NodeB Function Name=NLF01_39827_LF114_ZET_KARTING_VIP2/MocID:2/CnOperator:-1",Reliable,0,0,0,0,3200,3200,41.641,14.592,0,27.781,0,0,0,0,85.5,27,0,65,4,18,10,0,0,0,0,0,0,0,0,0,0,0
2025-06-24 14:00,60,"GLMG_MG051_TATLISU/NodeBFunction:NodeB Function Name=NMG11_39878_MG051_TATLISU/MocID:2/CnOperator:-1",Reliable,0,0,0,0,3200,3200,20.243,9.15,0,11.03,0,0,0,0,61.5,33,0,56,0,4.5,1,0,0,0,0,0,0.315,3.5,0,0,0.122,1.5
2025-06-24 14:00,60,"GLGN_GN088_KARMI/NodeBFunction:NodeB Function Name=NGN01_39588_GN088_KARMI/MocID:2/CnOperator:-1",Reliable,0,0,0,0,3200,3200,16.087,5.768,0,8.432,0,0,0,0,32.5,14,0,20,0,7,2.5,0,0,0,0,0,0,0,0,0,0,0
2025-06-24 14:00,60,"GLIS_IS039_YENIERENKOY/NodeBFunction:NodeB Function Name=NIS11_39694_IS039_YENIERENKOY/MocID:2/CnOperator:-1",Reliable,0,0,0,0,3200,3200,12.044,4.637,0,7.144,0,0,0,0,28.5,18,0,20.5,0,1.5,0.5,0,0,0,0,0,0.342,2.5,0,0,0.173,2.5
2025-06-24 14:00,60,"GLGN_GN112_ORGA/NodeBFunction:NodeB Function Name=NGN01_39612_GN112_ORGA/MocID:2/CnOperator:-1",Reliable,0,0,0,0,3200,3200,25.934,5.09,0,19.117,0,0,0,0,73.5,13,0,68.5,0,7.5,4,0,0,0,0,0,0,0,0,0,0,0
2025-06-24 14:00,60,"SRIS_IS047_ISKELE_SHOP_EM/NodeBFunction:NodeB Function Name=NIS11_39916_IS047_ISKELE_SHOP_EM/MocID:2/CnOperator:-1",Reliable,0,0,0,0,3200,3200,65.553,36.894,0,25.826,0,0,0,0,109.5,91,0,43.5,13,37,11,0,0,0,0,0,0,0,0,0,0,0
2025-06-24 14:00,60,"GLGN_GN057_ESENTEPE_2/NodeBFunction:NodeB Function Name=NGN01_39557_GN057_ESENTEPE_2/MocID:2/CnOperator:-1",Reliable,0,0,0,0,3200,3200,44.565,13.375,0,30.71,0,0,0,0,86,28,0,68.5,3,17,11,0,0,0,0,0,0,0,0,0,0,0
2025-06-24 14:00,60,"GLIS_IS036_TUZLUCA/NodeBFunction:NodeB Function Name=NIS11_39691_IS036_TUZLUCA/MocID:2/CnOperator:-1",Reliable,0,0,0,0,3200,3200,10.083,4.26,0,5.328,0,0,0,0,24.5,16,0,17.5,0,0.5,0,0,0,0,0,0,0,0,0,0,0,0
2025-06-24 14:00,60,"GLMG_MG023_GONENDERE/NodeBFunction:NodeB Function Name=NMG11_39850_MG023_GONENDERE/MocID:2/CnOperator:-1",Reliable,0,0,0,0,3200,3200,18.622,6.424,0,11.622,0,0,0,0,45.5,21,0,34.5,0,5,3,0,0,0,0,0,1.861,7,0,0,1.044,4
2025-06-24 14:00,60,"GLGN_GN107_METALSEN/NodeBFunction:NodeB Function Name=NGN01_39607_GN107_METALSEN/MocID:2/CnOperator:-1",Reliable,0,0,0,0,3200,3200,15.37,3.143,0,11.515,0,0,0,0,38.5,9,0,32.5,0,4.5,2,0,0,0,0,0,0,0,0,0,0,0
2025-06-24 14:00,60,"GLMG_MG021_ESIN_APARTMENT/NodeBFunction:NodeB Function Name=NMG11_39848_MG021_ESIN_APARTMENT/MocID:2/CnOperator:-1",Reliable,0,0,0,0,3200,3200,6.546,2.574,0,3.695,0,0,0,0,18,13,0,14.5,0,0,0,0,0,0,0,0,0.621,6,0,0,0.26,3
2025-06-24 14:00,60,"GLMG_MG014_DAU_VIP1/NodeBFunction:NodeB Function Name=NMG11_39841_MG014_DAU_VIP1/MocID:2/CnOperator:-1",Reliable,0,0,0,0,3200,3200,36.449,12.308,0,21.068,0,0,0,0,63,27,0,45,3,17.5,7,0,0,0,0,0,2.95,10.5,0,0,1.133,5
2025-06-24 14:00,60,"GLIS_IS012_CYPRUS_GARDEN/NodeBFunction:NodeB Function Name=NIS11_39667_IS012_CYPRUS_GARDEN/MocID:2/CnOperator:-1",Reliable,0,0,0,0,3200,3200,36.938,20.74,0,15.488,0,0,0,0,68,42,0,36.5,6,15,3,0,0,0,0,0,0,0,0,0,0,0
2025-06-24 14:00,60,"GLGY_GY009_HASAN_PASA/NodeBFunction:NodeB Function Name=NGY01_39647_GY009_HASAN_PASA/MocID:2/CnOperator:-1",Reliable,0,0,0,0,3200,3200,19.149,5.21,0,11.817,0,0,0,0,57,13,0,52.5,0,4.5,3,0,0,0,0,0,0,0,0,0,0,0
2025-06-24 14:00,60,"GLGN_GN099_LIMAN_YOLU/NodeBFunction:NodeB Function Name=NGN01_39599_GN099_LIMAN_YOLU/MocID:2/CnOperator:-1",Reliable,0,0,0,0,3200,3200,10.444,4.547,0,5.94,0,0,0,0,29,10,0,22,1,1.5,0.5,0,0,0,0,0,0,0,0,0,0,0
2025-06-24 14:00,60,"GLGN_GN109_MOS_RESTURANT/NodeBFunction:NodeB Function Name=NGN01_39609_GN109_MOS_RESTURANT/MocID:2/CnOperator:-1",Reliable,0,0,0,0,3200,3200,9.908,3.276,0,6.558,0,0,0,0,30,9,0,23,1,1,1,0,0,0,0,0,0,0,0,0,0,0
2025-06-24 14:00,60,"GLLF_LF063_LEFKOSA_NIYAZI/NodeBFunction:NodeB Function Name=NLF01_39776_LF063_LEFKOSA_NIYAZI/MocID:2/CnOperator:-1",Reliable,0,0,0,0,3200,3200,8.627,2.749,0,5.209,0,0,0,0,34.5,33,0,25,0,0.5,0,0,0,0,0,0,0,0,0,0,0,0
2025-06-24 14:00,60,"GLMG_MG054_TENTEN_GIDA/NodeBFunction:NodeB Function Name=NMG11_39881_MG054_TENTEN_GIDA/MocID:2/CnOperator:-1",Reliable,0,0,0,0,3200,3200,26.328,11.853,0,13.303,0,0,0,0,56.5,31,0,36.5,1,7,2,0,0,0,0,0,0,0,0,0,0,0
2025-06-24 14:00,60,"GLLF_LF107_YENIKENT_2/NodeBFunction:NodeB Function Name=NLF01_39820_LF107_YENIKENT_2/MocID:2/CnOperator:-1",Reliable,0,0,0,0,3200,3200,2.818,1.151,0,1.394,0,0,0,0,16.5,6,0,13.5,0,0,0,0,0,0,0,0,0,0,0,0,0,0
2025-06-24 14:00,60,"GLLF_LF108_YENIKENT_3/NodeBFunction:NodeB Function Name=NLF01_39821_LF108_YENIKENT_3/MocID:2/CnOperator:-1",Reliable,0,0,0,0,3200,3200,1.738,1.033,0,0.68,0,0,0,0,8,7,0,5.5,0,0,0,0,0,0,0,0,0,0,0,0,0,0
2025-06-24 14:00,60,"SRGN_GN077_GREEN_HEIGHT_NEW/NodeBFunction:NodeB Function Name=NGN01_39577_GN077_GREEN_HEIGHT_NEW/MocID:2/CnOperator:-1",Reliable,0,0,0,0,3200,3200,9.583,2.904,0,6.365,0,0,0,0,23,9,0,21,0,2,0.5,0,0,0,0,0,0,0,0,0,0,0
2025-06-24 14:00,60,"GLLF_LF097_UGUR_MOBILYA/NodeBFunction:NodeB Function Name=NLF01_39810_LF097_UGUR_MOBILYA/MocID:2/CnOperator:-1",Reliable,0,0,0,0,3200,3200,17.857,7.535,0,9.992,0,0,0,0,32.5,15,0,22.5,1,4.5,1.5,0,0,0,0,0,0,0,0,0,0,0
2025-06-24 14:00,60,"GLLF_LF005_ALAYKOY_SANAYI/NodeBFunction:NodeB Function Name=NLF01_39718_LF005_ALAYKOY_SANAYI/MocID:2/CnOperator:-1",Reliable,0,0,0,0,3200,3200,13.012,4.478,0,9.152,0,0,0,0,31,11,0,24.5,0,3,1.5,0,0,0,0,0,0,0,0,0,0,0
2025-06-24 14:00,60,"GLGY_GY010_KAYA/NodeBFunction:NodeB Function Name=NGY01_39648_GY010_KAYA/MocID:2/CnOperator:-1",Reliable,0,0,0,0,3200,3200,15.618,4.925,0,8.895,0,0,0,0,40,16,0,27.5,0,3,1,0,0,0,0,0,0,0,0,0,0,0
2025-06-24 14:00,60,"GLGN_GN065_GAU_ISIKLAR/NodeBFunction:NodeB Function Name=NGN01_39565_GN065_GAU_ISIKLAR/MocID:2/CnOperator:-1",Reliable,0,0,0,0,3200,3200,12.453,3.468,0,8.409,0,0,0,0,56.5,13,0,52,0,1,0,0,0,0,0,0,0,0,0,0,0,0
2025-06-24 14:00,60,"GLGN_GN116_PATHARA_SITESI/NodeBFunction:NodeB Function Name=NGN01_39616_GN116_PATHARA_SITESI/MocID:2/CnOperator:-1",Reliable,0,0,0,0,3200,3200,10.588,2.053,0,7.929,0,0,0,0,43.5,8,0,39.5,0,3,2,0,0,0,0,0,0,0,0,0,0,0
2025-06-24 14:00,60,"SRGN_GN105_MERIT_PREMIUM_OTEL/NodeBFunction:NodeB Function Name=NGN01_39605_GN105_MERIT_PREMIUM_OTEL/MocID:2/CnOperator:-1",Reliable,0,0,0,0,3200,3200,5.703,1.519,0,3.904,0,0,0,0,16,6,0,15,0,1,1,0,0,0,0,0,0,0,0,0,0,0
2025-06-24 14:00,60,"GLLF_LF046_HALIL_IBRAHIM_APT/NodeBFunction:NodeB Function Name=NLF01_39759_LF046_HALIL_IBRAHIM_APT/MocID:2/CnOperator:-1",Reliable,0,0,0,0,3200,3200,13.047,5.779,0,6.265,0,0,0,0,36,15,0,28,0,3,0,0,0,0,0,0,0,0,0,0,0,0
2025-06-24 14:00,60,"GLLK_LK007_LEFKE_DAYIOGLU_APT/NodeBFunction:NodeB Function Name=NLK01_39705_LK007_LEFKE_DAYIOGLU_APT/MocID:2/CnOperator:-1",Reliable,0,0,0,0,3200,3200,9.395,4.253,0,6.839,0,0,0,0,29.5,10,0,26.5,1,1.5,1,0,0,0,0,0,0,0,0,0,0,0
2025-06-24 14:00,60,"GLLF_LF079_NBC_LEFKOSA/NodeBFunction:NodeB Function Name=NLF01_39792_LF079_NBC_LEFKOSA/MocID:2/CnOperator:-1",Reliable,0,0,0,0,3200,3200,10.074,2.521,0,6.603,0,0,0,0,44,9,0,41,0,1.5,0,0,0,0,0,0,0,0,0,0,0,0
2025-06-24 14:00,60,"GLLF_LF040_GONYELI_CONCORDE_OTEL/NodeBFunction:NodeB Function Name=NLF01_39753_LF040_GONYELI_CONCORDE_OTEL/MocID:2/CnOperator:-1",Reliable,0,0,0,0,3200,3200,55.863,23.057,0,31.614,0,0,0,0,98.5,52,0,79.5,12,32,15.5,0,0,0,0,0,0,0,0,0,0,0
2025-06-24 14:00,60,"GLMG_MG016_DERINYA/NodeBFunction:NodeB Function Name=NMG11_39843_MG016_DERINYA/MocID:2/CnOperator:-1",Reliable,0,0,0,0,3200,3200,34.807,15.438,0,19.709,0,0,0,0,83.5,44,0,64,1,10,4,0,0,0,0,0,0,0,0,0,0,0
2025-06-24 14:00,60,"GLGN_GN090_KASGAR_COURT/NodeBFunction:NodeB Function Name=NGN01_39590_GN090_KASGAR_COURT/MocID:2/CnOperator:-1",Reliable,0,0,0,0,3200,3200,12.18,3.567,0,8.945,0,0,0,0,29,10,0,24.5,0,0,0,0,0,0,0,0,0,0,0,0,0,0
2025-06-24 14:00,60,"GLMG_MG050_SINIRUSTU/NodeBFunction:NodeB Function Name=NMG11_39877_MG050_SINIRUSTU/MocID:2/CnOperator:-1",Reliable,0,0,0,0,3200,3200,42.828,20.974,0,20.474,0,0,0,0,66.5,40,0,37.5,6,22.5,9.5,0,0,0,0,0,0,0,0,0,0,0
2025-06-24 14:00,60,"GLGN_GN114_OZANKOY/NodeBFunction:NodeB Function Name=NGN01_39614_GN114_OZANKOY/MocID:2/CnOperator:-1",Reliable,0,0,0,0,3200,3200,4.197,1.506,0,2.308,0,0,0,0,14,6,0,9.5,0,0,0,0,0,0,0,0,0,0,0,0,0,0
2025-06-24 14:00,60,"GLIS_IS009_BUYUKKONUK/NodeBFunction:NodeB Function Name=NIS11_39664_IS009_BUYUKKONUK/MocID:2/CnOperator:-1",Reliable,0,0,0,0,3200,3200,16.669,7.507,0,9.614,0,0,0,0,39,23,0,28.5,0,2.5,0,0,0,0,0,0,0,0,0,0,0,0
2025-06-24 14:00,60,"GLIS_IS019_KAPLICA/NodeBFunction:NodeB Function Name=NIS11_39674_IS019_KAPLICA/MocID:2/CnOperator:-1",Reliable,0,0,0,0,3200,3200,5.17,2.522,0,3.61,0,0,0,0,26,10,0,23,0,0,0,0,0,0,0,0,0.088,2,0,0,0.056,1
2025-06-24 14:00,60,"SRIS_IS025_LIMAK_BABYLOON_INDOOR/NodeBFunction:NodeB Function Name=NIS11_39680_IS025_LIMAK_BABYLOON_INDOOR/MocID:2/CnOperator:-1",Reliable,0,0,0,0,3200,3200,3.012,1.604,0,1.722,0,0,0,0,18.5,14,0,13.5,0,0,0,0,0,0,0,0,0.024,2,0,0,0.006,1
2025-06-24 14:00,60,"GLIS_IS022_KAYA_ARTEMIS/NodeBFunction:NodeB Function Name=NIS11_39677_IS022_KAYA_ARTEMIS/MocID:2/CnOperator:-1",Reliable,0,0,0,0,3200,3200,12.911,5.678,0,6.969,0,0,0,0,33.5,19,0,25,0,1,0.5,0,0,0,0,0,0,0,0,0,0,0
2025-06-24 14:00,60,"GLIS_IS010_CONCORDE_OTEL_1/NodeBFunction:NodeB Function Name=NIS11_39665_IS010_CONCORDE_OTEL_1/MocID:2/CnOperator:-1",Reliable,0,0,0,0,3200,3200,11.253,7.41,0,6.251,0,0,0,0,23.5,21,0,16,1,3,0.5,0,0,0,0,0,0,0,0,0,0,0
2025-06-24 14:00,60,"GLIS_IS026_LIMAK_BABYLOON_OUTDOOR/NodeBFunction:NodeB Function Name=NIS11_39681_IS026_LIMAK_BABYLOON_OUTDOOR/MocID:2/CnOperator:-1",Reliable,0,0,0,0,3200,3200,19.683,9.229,0,9.397,0,0,0,0,40.5,29,0,30.5,0,6.5,2,0,0,0,0,0,1.357,7.5,0,0,0.563,4
2025-06-24 14:00,60,"GLGN_GN110_NEO_PARK/NodeBFunction:NodeB Function Name=NGN01_39610_GN110_NEO_PARK/MocID:2/CnOperator:-1",Reliable,0,0,0,0,3200,3200,6.6,2.324,0,3.658,0,0,0,0,19,8,0,14,0,0.5,0,0,0,0,0,0,0,0,0,0,0,0
2025-06-24 14:00,60,"GLMG_MG009_CANAKKALE_GOLET/NodeBFunction:NodeB Function Name=NMG11_39836_MG009_CANAKKALE_GOLET/MocID:2/CnOperator:-1",Reliable,0,0,0,0,3200,3200,17.656,6.625,0,9.499,0,0,0,0,36.5,20,0,23,0,4,1,0,0,0,0,0,1.874,7,0,0,0.79,3.5
2025-06-24 14:00,60,"GLGN_GN134_YAYLA_APARTMENT/NodeBFunction:NodeB Function Name=NGN01_39634_GN134_YAYLA_APARTMENT/MocID:2/CnOperator:-1",Reliable,0,0,0,0,3200,3200,13.448,5.106,0,7.69,0,0,0,0,45,12,0,38.5,1,3,1,0,0,0,0,0,0,0,0,0,0,0
2025-06-24 14:00,60,"GLMG_MG042_PALMBEACH/NodeBFunction:NodeB Function Name=NMG11_39869_MG042_PALMBEACH/MocID:2/CnOperator:-1",Reliable,0,0,0,0,3200,3200,23.986,8.896,0,13.14,0,0,0,0,60.5,22,0,50,0,8,5,0,0,0,0,0,2.958,10,0,0,1.587,5.5
2025-06-24 14:00,60,"GLGN_GN006_ALEMDAG/NodeBFunction:NodeB Function Name=NGN01_39506_GN006_ALEMDAG/MocID:2/CnOperator:-1",Reliable,0,0,0,0,3200,3200,29.602,6.232,0,20.015,0,0,0,0,55.5,15,0,44.5,0,9.5,6,0,0,0,0,0,0,0,0,0,0,0
2025-06-24 14:00,60,"GLMG_MG030_KARAKOL/NodeBFunction:NodeB Function Name=NMG11_39857_MG030_KARAKOL/MocID:2/CnOperator:-1",Reliable,0,0,0,0,3200,3200,50.166,20.11,0,29.765,0,0,0,0,107,45,0,78.5,6,27,12,0,0,0,0,0,0,0,0,0,0,0
2025-06-24 14:00,60,"GLLF_LF050_HASPOLAT_KIRLI_SANAYI/NodeBFunction:NodeB Function Name=NLF01_39763_LF050_HASPOLAT_KIRLI_SANAYI/MocID:2/CnOperator:-1",Reliable,0,0,0,0,3200,3200,14.168,4.944,0,8.231,0,0,0,0,43.5,15,0,40.5,0,3.5,0,0,0,0,0,0,0,0,0,0,0,0
2025-06-24 14:00,60,"GLLF_LF042_GONYELI_SITESI/NodeBFunction:NodeB Function Name=NLF01_39755_LF042_GONYELI_SITESI/MocID:2/CnOperator:-1",Reliable,0,0,0,0,3200,3200,13.022,3.862,0,7.214,0,0,0,0,42,9,0,30.5,0,4,0.5,0,0,0,0,0,0,0,0,0,0,0
2025-06-24 14:00,60,"GLGN_GN031_COLONY_OTEL/NodeBFunction:NodeB Function Name=NGN01_39531_GN031_COLONY_OTEL/MocID:2/CnOperator:-1",Reliable,0,0,0,0,3200,3200,21.57,10.214,0,14.128,0,0,0,0,40,19,0,32,3,7,4.5,0,0,0,0,0,0,0,0,0,0,0
2025-06-24 14:00,60,"SRGN_GN091_KAYA_PALLAZZO_ANNEX/NodeBFunction:NodeB Function Name=NGN01_39591_GN091_KAYA_PALLAZZO_ANNEX/MocID:2/CnOperator:-1",Reliable,0,0,0,0,3200,3200,9.606,2.322,0,6.19,0,0,0,0,35,9,0,32.5,0,1,0,0,0,0,0,0,0,0,0,0,0,0
2025-06-24 14:00,60,"SRGN_GN092_KAYA_PALLAZZO_CASINO/NodeBFunction:NodeB Function Name=NGN01_39592_GN092_KAYA_PALLAZZO_CASINO/MocID:2/CnOperator:-1",Reliable,0,0,0,0,3200,3200,9.338,1.929,0,6.803,0,0,0,0,47.5,7,0,46.5,0,2.5,2,0,0,0,0,0,0,0,0,0,0,0
2025-06-24 14:00,60,"GLGN_GN024_BEYLERBEYI_TEPE/NodeBFunction:NodeB Function Name=NGN01_39524_GN024_BEYLERBEYI_TEPE/MocID:2/CnOperator:-1",Reliable,0,0,0,0,3200,3200,19.719,6.143,0,11.685,0,0,0,0,43.5,14,0,32,0,7.5,3,0,0,0,0,0,0,0,0,0,0,0
2025-06-24 14:00,60,"GLLK_LK015_YESILIRMAK/NodeBFunction:NodeB Function Name=NLK01_39713_LK015_YESILIRMAK/MocID:2/CnOperator:-1",Reliable,0,0,0,0,3200,3200,4.476,1.117,0,3.376,0,0,0,0,15,4,0,14.5,0,0,0,0,0,0,0,0,0,0,0,0,0,0
2025-06-24 14:00,60,"SRGN_GN131_TUFEKCI/NodeBFunction:NodeB Function Name=NGN01_39631_GN131_TUFEKCI/MocID:2/CnOperator:-1",Reliable,0,0,0,0,3200,3200,16.042,4.401,0,9.839,0,0,0,0,62.5,12,0,51.5,0,3,0.5,0,0,0,0,0,0,0,0,0,0,0
2025-06-24 14:00,60,"GLGN_GN083_K_ERENKOY_MAHALLESI/NodeBFunction:NodeB Function Name=NGN01_39583_GN083_K_ERENKOY_MAHALLESI/MocID:2/CnOperator:-1",Reliable,0,0,0,0,3200,3200,43.523,12.558,0,28.451,0,0,0,0,82.5,31,0,63.5,3,16,10,0,0,0,0,0,0,0,0,0,0,0
2025-06-24 14:00,60,"SRGY_GY006_GUNESKOY/NodeBFunction:NodeB Function Name=NGY01_39644_GY006_GUNESKOY/MocID:2/CnOperator:-1",Reliable,0,0,0,0,3200,3200,21.805,5.336,0,13.969,0,0,0,0,41,13,0,30,0,6,2.5,0,0,0,0,0,0,0,0,0,0,0
2025-06-24 14:00,60,"GLGN_GN028_CATALKOY_KOCARSLAN/NodeBFunction:NodeB Function Name=NGN01_39528_GN028_CATALKOY_KOCARSLAN/MocID:2/CnOperator:-1",Reliable,0,0,0,0,3200,3200,24.189,5.878,0,15.841,0,0,0,0,47.5,13,0,37,0,7,2.5,0,0,0,0,0,0,0,0,0,0,0
2025-06-24 14:00,60,"GLMG_MG002_AKOVA/NodeBFunction:NodeB Function Name=NMG11_39829_MG002_AKOVA/MocID:2/CnOperator:-1",Reliable,0,0,0,0,3200,3200,25.512,8.549,0,13.75,0,0,0,0,52,23,0,40,1,8,3,0,0,0,0,0,5.162,14.5,0,0,2.985,8
2025-06-24 14:00,60,"GLGN_GN106_MERIT_ROYAL_OTEL/NodeBFunction:NodeB Function Name=NGN01_39606_GN106_MERIT_ROYAL_OTEL/MocID:2/CnOperator:-1",Reliable,0,0,0,0,3200,3200,14.587,4.043,0,9.583,0,0,0,0,31,10,0,27.5,0,2.5,0.5,0,0,0,0,0,0,0,0,0,0,0
2025-06-24 14:00,60,"GLGN_GN038_DEGIRMENLIK_TEPE/NodeBFunction:NodeB Function Name=NGN01_39538_GN038_DEGIRMENLIK_TEPE/MocID:2/CnOperator:-1",Reliable,0,0,0,0,3200,3200,32.69,8.754,0,21.971,0,0,0,0,64.5,21,0,53,2,10.5,6,0,0,0,0,0,0,0,0,0,0,0
2025-06-24 14:00,60,"GLGN_GN043_DIKMEN_MANDIRALAR/NodeBFunction:NodeB Function Name=NGN01_39543_GN043_DIKMEN_MANDIRALAR/MocID:2/CnOperator:-1",Reliable,0,0,0,0,3200,3200,18.49,6.621,0,12.222,0,0,0,0,52.5,13,0,47,0,6,3,0,0,0,0,0,0,0,0,0,0,0
2025-06-24 14:00,60,"GLGN_GN066_GAU_SPECTRUM_1/NodeBFunction:NodeB Function Name=NGN01_39566_GN066_GAU_SPECTRUM_1/MocID:2/CnOperator:-1",Reliable,0,0,0,0,3200,3200,8.492,1.547,0,5.027,0,0,0,0,29.5,7,0,25,0,0,0,0,0,0,0,0,0,0,0,0,0,0
2025-06-24 14:00,60,"GLGN_GN085_KARAKUM/NodeBFunction:NodeB Function Name=NGN01_39585_GN085_KARAKUM/MocID:2/CnOperator:-1",Reliable,0,0,0,0,3200,3200,9.98,2.39,0,6.38,0,0,0,0,30.5,10,0,24.5,0,0.5,0,0,0,0,0,0,0,0,0,0,0,0
2025-06-24 14:00,60,"GLGY_GY013_ODTU_VIP1/NodeBFunction:NodeB Function Name=NGY01_39651_GY013_ODTU_VIP1/MocID:2/CnOperator:-1",Reliable,0,0,0,0,3200,3200,12.897,4.126,0,7.631,0,0,0,0,39.5,11,0,32.5,0,3.5,1.5,0,0,0,0,0,0,0,0,0,0,0
2025-06-24 14:00,60,"GLLF_LF098_UKU_LEMAR/NodeBFunction:NodeB Function Name=NLF01_39811_LF098_UKU_LEMAR/MocID:2/CnOperator:-1",Reliable,0,0,0,0,3200,3200,2.765,1.381,0,0.994,0,0,0,0,13.5,6,0,8.5,0,0,0,0,0,0,0,0,0,0,0,0,0,0
2025-06-24 14:00,60,"GLLF_LF109_YENIKENT_BATI/NodeBFunction:NodeB Function Name=NLF01_39822_LF109_YENIKENT_BATI/MocID:2/CnOperator:-1",Reliable,0,0,0,0,3200,3200,9.674,3.761,0,5.369,0,0,0,0,26,10,0,17.5,0,0.5,0,0,0,0,0,0,0,0,0,0,0,0
2025-06-24 14:00,60,"GLLF_LF130_TOROS_CENTER_NEW/NodeBFunction:NodeB Function Name=NLF01_39917_LF130_TOROS_CENTER_NEW/MocID:2/CnOperator:-1",Reliable,0,0,0,0,3200,3200,25.845,9.344,0,16.55,0,0,0,0,55,18,0,43.5,2,9.5,5,0,0,0,0,0,0,0,0,0,0,0
2025-06-24 14:00,60,"SRIS_IS045_PERA_MAKENZI_EM/NodeBFunction:NodeB Function Name=NIS11_39890_IS045_Pera_Makenzi_EM/MocID:2/CnOperator:-1",Reliable,0,0,0,0,3200,3200,12.932,5.908,0,7.168,0,0,0,0,28.5,17,0,23,0,2,1,0,0,0,0,0,0,0,0,0,0,0
2025-06-24 14:00,60,"GLGN_GN143_HURDENIZ_RESTURANT/NodeBFunction:NodeB Function Name=NGN01_39907_GN143_HURDENIZ_RESTURANT/MocID:2/CnOperator:-1",Reliable,0,0,0,0,3200,3200,14.344,4.158,0,9.023,0,0,0,0,40.5,11,0,34.5,0,4.5,2,0,0,0,0,0,0,0,0,0,0,0
2025-06-24 14:00,60,"GLMG_MG057_TUZLA/NodeBFunction:NodeB Function Name=NMG11_39884_MG057_TUZLA/MocID:2/CnOperator:-1",Reliable,0,0,0,0,3200,3200,16.788,5.172,0,10.085,0,0,0,0,38.5,26,0,26.5,0,3,1,0,0,0,0,0,2.036,10.5,0,0,0.882,5.5
2025-06-24 14:00,60,"GLLF_LF047_HAMITKOY/NodeBFunction:NodeB Function Name=NLF01_39760_LF047_HAMITKOY/MocID:2/CnOperator:-1",Reliable,0,0,0,0,3200,3200,10.244,2.638,0,7.377,0,0,0,0,28.5,9,0,24,0,2,1,0,0,0,0,0,0,0,0,0,0,0
2025-06-24 14:00,60,"GLGN_GN095_KORNARO/NodeBFunction:NodeB Function Name=NGN01_39595_GN095_KORNARO/MocID:2/CnOperator:-1",Reliable,0,0,0,0,3200,3200,27.954,3.597,0,22.419,0,0,0,0,47,10,0,41,0,13,8,0,0,0,0,0,0,0,0,0,0,0
2025-06-24 14:00,60,"GLLK_LK001_AFRODIT_SITESI/NodeBFunction:NodeB Function Name=NLK01_39699_LK001_AFRODIT_SITESI/MocID:2/CnOperator:-1",Reliable,0,0,0,0,3200,3200,60.672,10.553,0,42.061,0,0,0,0,104.5,19,0,79.5,3,35,22,0,0,0,0,0,0,0,0,0,0,0
2025-06-24 14:00,60,"GLIS_IS020_KARPAZ/NodeBFunction:NodeB Function Name=NIS11_39675_IS020_KARPAZ/MocID:2/CnOperator:-1",Reliable,0,0,0,0,3200,3200,7.486,2.963,0,5.3,0,0,0,0,25.5,13,0,19.5,1,1.5,1,0,0,0,0,0,0.413,3.5,0,0,0.202,2
2025-06-24 14:00,60,"GLMG_MG045_PIYALEPASA/NodeBFunction:NodeB Function Name=NMG11_39872_MG045_PIYALEPASA/MocID:2/CnOperator:-1",Reliable,0,0,0,0,3200,3200,21.964,6.515,0,14.161,0,0,0,0,60,20,0,52,0,9,3,0,0,0,0,0,1.516,7,0,0,0.59,4
2025-06-24 14:00,60,"GLGN_GN045_DOGANKOY/NodeBFunction:NodeB Function Name=NGN01_39545_GN045_DOGANKOY/MocID:2/CnOperator:-1",Reliable,0,0,0,0,3200,3200,1.935,0.436,0,1.067,0,0,0,0,12,4,0,8.5,0,0,0,0,0,0,0,0,0,0,0,0,0,0
2025-06-24 14:00,60,"SRIS_IS001_ALTINKUM/NodeBFunction:NodeB Function Name=NIS11_39656_IS001_ALTINKUM/MocID:2/CnOperator:-1",Reliable,0,0,0,0,3200,3200,10.16,3.079,0,7.371,0,0,0,0,34.5,16,0,33,0,1.5,0,0,0,0,0,0,0.218,4,0,0,0.139,2
2025-06-24 14:00,60,"GLGN_GN079_AKDENIZ_KOMANDO_TRAILER/NodeBFunction:NodeB Function Name=NGN01_39579_GN079_AKDENIZ_KOMANDO_TRAILER/MocID:2/CnOperator:-1",Reliable,0,0,0,0,3200,3200,11.103,1.294,0,10.096,0,0,0,0,23,5,0,22,0,2.5,2,0,0,0,0,0,0,0,0,0,0,0
2025-06-24 14:00,60,"GLLF_LF014_BRT/NodeBFunction:NodeB Function Name=NLF01_39727_LF014_BRT/MocID:2/CnOperator:-1",Reliable,0,0,0,0,3200,3200,33.882,12.068,0,19.587,0,0,0,0,61.5,25,0,47,4,15.5,6,0,0,0,0,0,0,0,0,0,0,0
2025-06-24 14:00,60,"GLIS_IS031_NUHUN_GEMISI/NodeBFunction:NodeB Function Name=NIS11_39686_IS031_NUHUN_GEMISI/MocID:2/CnOperator:-1",Reliable,0,0,0,0,3200,3200,14.008,6.656,0,7.916,0,0,0,0,34,24,0,25.5,0,3,0,0,0,0,0,0,0,0,0,0,0,0
2025-06-24 14:00,60,"GLGN_GN080_HILARYON_KOMANDO/NodeBFunction:NodeB Function Name=NGN01_39580_GN080_HILARYON_KOMANDO/MocID:2/CnOperator:-1",Reliable,0,0,0,0,3200,3200,15.413,2.782,0,12.648,0,0,0,0,48,11,0,44,0,4,1.5,0,0,0,0,0,0,0,0,0,0,0
2025-06-24 14:00,60,"SRGN_GN020_BESPARMAK/NodeBFunction:NodeB Function Name=NGN01_39520_GN020_BESPARMAK/MocID:2/CnOperator:-1",Reliable,0,0,0,0,3200,3200,3.294,0.879,0,2.09,0,0,0,0,19.5,5,0,17.5,0,0,0,0,0,0,0,0,0,0,0,0,0,0
2025-06-24 14:00,60,"SRGY_GY016_YAYLA/NodeBFunction:NodeB Function Name=NGY01_39654_GY016_YAYLA/MocID:2/CnOperator:-1",Reliable,0,0,0,0,3200,3200,9.703,3.447,0,5.685,0,0,0,0,32.5,9,0,24.5,0,0.5,0,0,0,0,0,0,0,0,0,0,0,0
2025-06-24 14:00,60,"SRGN_GN126_TASKENT/NodeBFunction:NodeB Function Name=NGN01_39626_GN126_TASKENT/MocID:2/CnOperator:-1",Reliable,0,0,0,0,3200,3200,2.662,0.897,0,1.415,0,0,0,0,18,5,0,16.5,0,0,0,0,0,0,0,0,0,0,0,0,0,0
2025-06-24 14:00,60,"GLGN_GN035_DEGIRMENLIK_2/NodeBFunction:NodeB Function Name=NGN01_39535_GN035_DEGIRMENLIK_2/MocID:2/CnOperator:-1",Reliable,0,0,0,0,3200,3200,9.656,2.993,0,5.846,0,0,0,0,27.5,9,0,21,0,2,0,0,0,0,0,0,0,0,0,0,0,0
2025-06-24 14:00,60,"SRGN_GN004_AKDENIZ/NodeBFunction:NodeB Function Name=NGN01_39504_GN004_AKDENIZ/MocID:2/CnOperator:-1",Reliable,0,0,0,0,3200,3200,3.493,1.092,0,2.313,0,0,0,0,15.5,4,0,11.5,0,0,0,0,0,0,0,0,0,0,0,0,0,0
2025-06-24 14:00,60,"SRGN_GN124_SELVILITEPE_BRT_VIP2/NodeBFunction:NodeB Function Name=NGN01_39624_GN124_SELVILITEPE_BRT_VIP2/MocID:2/CnOperator:-1",Reliable,0,0,0,0,3200,3200,65.894,12.974,0,49.705,0,0,0,0,120.5,30,0,99,4,36,23,0,0,0,0,0,0,0,0,0,0,0
2025-06-24 14:00,60,"GLLF_LF059_KIRIKKALE/NodeBFunction:NodeB Function Name=NLF01_39772_LF059_KIRIKKALE/MocID:2/CnOperator:-1",Reliable,0,0,0,0,3200,3200,15.57,3.579,0,11.347,0,0,0,0,58,15,0,50.5,0,3,1.5,0,0,0,0,0,0,0,0,0,0,0
2025-06-24 14:00,60,"GLGN_GN069_GECITKOY_BARAJ/NodeBFunction:NodeB Function Name=NGN01_39569_GN069_GECITKOY_BARAJ/MocID:2/CnOperator:-1",Reliable,0,0,0,0,3200,3200,7.117,1.572,0,5.138,0,0,0,0,33.5,6,0,29.5,0,0,0,0,0,0,0,0,0,0,0,0,0,0
2025-06-24 14:00,60,"SRGN_GN009_ALEVKAYASI/NodeBFunction:NodeB Function Name=NGN01_39509_GN009_ALEVKAYASI/MocID:2/CnOperator:-1",Reliable,0,0,0,0,3200,3200,22.244,5.754,0,12.26,0,0,0,0,46,14,0,33.5,0,7,2.5,0,0,0,0,0,0,0,0,0,0,0
2025-06-24 14:00,60,"SRGN_GN048_DOGRUYOL/NodeBFunction:NodeB Function Name=NGN01_39548_GN048_DOGRUYOL/MocID:2/CnOperator:-1",Reliable,0,0,0,0,3200,3200,15.164,4.444,0,8.915,0,0,0,0,31.5,10,0,27,0,3.5,0,0,0,0,0,0,0,0,0,0,0,0
2025-06-24 14:00,60,"SRIS_IS018_KANTARA/NodeBFunction:NodeB Function Name=NIS11_39673_IS018_KANTARA/MocID:2/CnOperator:-1",Reliable,0,0,0,0,3200,3200,36.131,20.357,0,16.338,0,0,0,0,75,42,0,41,4,13.5,3.5,0,0,0,0,0,0,0,0,0,0,0
2025-06-24 14:00,60,"SRLF_LF073_METEHAN_SINIR_KULE/NodeBFunction:NodeB Function Name=NLF01_39786_LF073_METEHAN_SINIR_KULE/MocID:2/CnOperator:-1",Reliable,0,0,0,0,3200,3200,24.977,8.74,0,17.867,0,0,0,0,57.5,21,0,52,2,10.5,5,0,0,0,0,0,0,0,0,0,0,0
2025-06-24 14:00,60,"SRGY_GY012_ODTU_TEKNIK/NodeBFunction:NodeB Function Name=NGY01_39650_GY012_ODTU_TEKNIK/MocID:2/CnOperator:-1",Reliable,0,0,0,0,3200,3200,9.49,3.399,0,4.801,0,0,0,0,25.5,11,0,18,0,1,0,0,0,0,0,0,0,0,0,0,0,0
2025-06-24 14:00,60,"SRLF_LF031_ERMATAS_EM/NodeBFunction:NodeB Function Name=NLF01_39744_LF031_ERMATAS_EM/MocID:2/CnOperator:-1",Reliable,0,0,0,0,3200,3200,1.559,0.932,0,0.631,0,0,0,0,7,5,0,5.5,0,0,0,0,0,0,0,0,0,0,0,0,0,0
2025-06-24 14:00,60,"SRGN_GN094_KIBRIS_HOMES_EM/NodeBFunction:NodeB Function Name=NGN01_39594_GN094_KIBRIS_HOMES_EM/MocID:2/CnOperator:-1",Reliable,0,0,0,0,3200,3200,15.722,3.742,0,13.097,0,0,0,0,36.5,10,0,33,0,4,2.5,0,0,0,0,0,0,0,0,0,0,0
2025-06-24 14:00,60,"GLMG_MG063_TUZLA_TAHIROGLU_APT/NodeBFunction:NodeB Function Name=NMG11_39921_MG063_TUZLA_TAHIROGLU_APT/MocID:2/CnOperator:-1",Reliable,0,0,0,0,3200,3200,20.142,8.082,0,11.038,0,0,0,0,56.5,23,0,49.5,0,6,2,0,0,0,0,0,0,0,0,0,0,0
2025-06-24 14:00,60,"GLLF_LF134_ZAHRA_SOKAK/NodeBFunction:NodeB Function Name=NLF01_39925_LF134_ZAHRA_SOKAK/MocID:2/CnOperator:-1",Reliable,0,0,0,0,3200,3200,8.315,3.547,0,5.204,0,0,0,0,21.5,11,0,18,1,2,1,0,0,0,0,0,0,0,0,0,0,0
2025-06-24 14:00,60,"GLGN_GN147_GIRNE_DEFACTO/NodeBFunction:NodeB Function Name=NGN01_39924_GN147_GIRNE_DEFACTO/MocID:2/CnOperator:-1",Reliable,0,0,0,0,3200,3200,6.687,1.529,0,5.097,0,0,0,0,35,6,0,33,0,0,0,0,0,0,0,0,0,0,0,0,0,0
2025-06-24 14:00,60,"GLGN_GN146_ZEYTINLIK_MR_POUND/NodeBFunction:NodeB Function Name=NGN01_39922_GN146_ZEYTINLIK_MR_POUND/MocID:2/CnOperator:-1",Reliable,0,0,0,0,3200,3200,5.342,1.904,0,2.652,0,0,0,0,19.5,7,0,14.5,0,0,0,0,0,0,0,0,0,0,0,0,0,0
2025-06-24 14:00,60,"SRIS_IS048_GRAND_SAPHIRE_OTEL/NodeBFunction:NodeB Function Name=NIS11_39931_IS048_GRAND_SAPHIRE_OTEL/MocID:2/CnOperator:-1",Reliable,0,0,0,0,3200,3200,1.029,0.651,0,0.396,0,0,0,0,5.5,5,0,4.5,0,0,0,0,0,0,0,0,0,0,0,0,0,0
2025-06-24 14:00,60,"SRLF_LF021_DILEKKAYA/NodeBFunction:NodeB Function Name=NLF01_39734_LF021_DILEKKAYA/MocID:2/CnOperator:-1",Reliable,0,0,0,0,3200,3200,24.607,6.21,0,17.35,0,0,0,0,64.5,19,0,55,0,9,5,0,0,0,0,0,0,0,0,0,0,0
2025-06-24 14:00,60,"SRGN_GN039_DEGIRMENLIK_YOL_EM_EPDK/NodeBFunction:NodeB Function Name=NGN01_39539_GN039_DEGIRMENLIK_YOL_EM/MocID:2/CnOperator:-1",Reliable,0,0,0,0,3200,3200,1.091,0.7,0,0.313,0,0,0,0,7,3,0,6.5,0,0,0,0,0,0,0,0,0,0,0,0,0,0
2025-06-24 14:00,60,"GLIS_IS029_MERSINLIK/NodeBFunction:NodeB Function Name=NIS11_39684_IS029_MERSINLIK/MocID:2/CnOperator:-1",Reliable,0,0,0,0,3200,3200,4.332,2.05,0,2.634,0,0,0,0,32,17,0,27.5,0,0,0,0,0,0,0,0,0.064,3,0,0,0.039,2
2025-06-24 14:00,60,"SRGN_GN054_ELEXSUS_PALMIYE/NodeBFunction:NodeB Function Name=NGN01_39554_GN054_ELEXSUS_PALMIYE/MocID:2/CnOperator:-1",Reliable,0,0,0,0,3200,3200,3.565,0.883,0,2.358,0,0,0,0,20,5,0,18,0,0,0,0,0,0,0,0,0,0,0,0,0,0
2025-06-24 14:00,60,"SRIS_IS023_KILITKAYA_EM/NodeBFunction:NodeB Function Name=NIS11_39678_IS023_KILITKAYA_EM/MocID:2/CnOperator:-1",Reliable,0,0,0,0,3200,3200,0.559,0.133,0,0.44,0,0,0,0,11,4,0,11,0,0,0,0,0,0,0,0,0,0,0,0,0,0
2025-06-24 14:00,60,"GLIS_IS017_KALEBURNU/NodeBFunction:NodeB Function Name=NIS11_39672_IS017_KALEBURNU/MocID:2/CnOperator:-1",Reliable,0,0,0,0,3200,3200,0.896,0.343,0,0.573,0,0,0,0,9.5,5,0,8.5,0,0,0,0,0,0,0,0,0.032,3,0,0,0.01,2
2025-06-24 14:00,60,"SRLF_LF100_YAKINDOGU_BANK_INDOOR/NodeBFunction:NodeB Function Name=NLF01_39813_LF100_YAKINDOGU_BANK_INDOOR/MocID:2/CnOperator:-1",Reliable,0,0,0,0,3200,3200,3.047,0.949,0,2.485,0,0,0,0,11.5,4,0,10,0,0,0,0,0,0,0,0,0,0,0,0,0,0
2025-06-24 14:00,60,"SRGN_GN025_BULENT_KAYA_EM/NodeBFunction:NodeB Function Name=NGN01_39525_GN025_BULENT_KAYA/MocID:2/CnOperator:-1",Reliable,0,0,0,0,3200,3200,0.763,0.32,0,0.302,0,0,0,0,7.5,3,0,6,0,0,0,0,0,0,0,0,0,0,0,0,0,0
2025-06-24 14:00,60,"SRGN_GN127_TASKENT_BAYRAK/NodeBFunction:NodeB Function Name=NGN01_39627_GN127_TASKENT_BAYRAK/MocID:2/CnOperator:-1",Reliable,0,0,0,0,3200,3200,1.176,0.561,0,0.669,0,0,0,0,6.5,4,0,5.5,0,0,0,0,0,0,0,0,0,0,0,0,0,0
2025-06-24 14:00,60,"GLGN_GN018_BARIS_PLAJI/NodeBFunction:NodeB Function Name=NGN01_39518_GN018_BARIS_PLAJI/MocID:2/CnOperator:-1",Reliable,0,0,0,0,3200,3200,0.117,0.06,0,0.026,0,0,0,0,4,2,0,2,0,0,0,0,0,0,0,0,0,0,0,0,0,0
2025-06-24 14:00,60,"GLLF_LF072_MERIC/NodeBFunction:NodeB Function Name=NLF01_39785_LF072_MERIC/MocID:2/CnOperator:-1",Reliable,0,0,0,0,3200,3200,1.029,0.486,0,0.685,0,0,0,0,30,5,0,30,0,0,0,0,0,0,0,0,0,0,0,0,0,0
2025-06-24 14:00,60,"SRGN_GN119_RADAR_TEPE/NodeBFunction:NodeB Function Name=NGN01_39619_GN119_RADAR_TEPE/MocID:2/CnOperator:-1",Reliable,0,0,0,0,3200,3200,12.81,2.435,0,9.356,0,0,0,0,49.5,8,0,47,0,2,1.5,0,0,0,0,0,0,0,0,0,0,0
2025-06-24 14:00,60,"GLMG_MG008_BUYUKKONUK_VALLEY/NodeBFunction:NodeB Function Name=NMG11_39835_MG008_BUYUKKONUK_VALLEY/MocID:2/CnOperator:-1",Reliable,0,0,0,0,3200,3200,10.151,5.069,0,5.655,0,0,0,0,26,22,0,19,0,0.5,0,0,0,0,0,0,0,0,0,0,0,0
2025-06-24 14:00,60,"GLIS_IS005_BALALAN/NodeBFunction:NodeB Function Name=NIS11_39660_IS005_BALALAN/MocID:2/CnOperator:-1",Reliable,0,0,0,0,3200,3200,5.4,2.333,0,2.975,0,0,0,0,21,14,0,19.5,0,0,0,0,0,0,0,0,0,0,0,0,0,0
2025-06-24 14:00,60,"GLGY_GY004_GAYRETKOY_SINIR_KULE/NodeBFunction:NodeB Function Name=NGY01_39642_GY004_GAYRETKOY_SINIR_KULE/MocID:2/CnOperator:-1",Reliable,0,0,0,0,3200,3200,6.871,1.611,0,5.031,0,0,0,0,27,10,0,24,0,0,0,0,0,0,0,0,0,0,0,0,0,0
2025-06-24 14:00,60,"SRIS_IS004_BAFRA/NodeBFunction:NodeB Function Name=NIS11_39659_IS004_BAFRA/MocID:2/CnOperator:-1",Reliable,0,0,0,0,3200,3200,9.151,4.347,0,5.108,0,0,0,0,29,19,0,16,0,2,0.5,0,0,0,0,0,0,0,0,0,0,0
2025-06-24 14:00,60,"GLMG_MG056_TURKMENKOY/NodeBFunction:NodeB Function Name=NMG11_39883_MG056_TURKMENKOY/MocID:2/CnOperator:-1",Reliable,0,0,0,0,3200,3200,21.258,4.918,0,15.133,0,0,0,0,59.5,21,0,54,0,6.5,1.5,0,0,0,0,0,1.087,7,0,0,0.544,4
2025-06-24 14:00,60,"GLLF_LF133_YENIKENT_BTHK_BINA/NodeBFunction:NodeB Function Name=NLF01_39923_LF133_YENIKENT_BTHK_BINA/MocID:2/CnOperator:-1",Reliable,0,0,0,0,3200,3200,6.069,1.928,0,4.637,0,0,0,0,43.5,7,0,43.5,0,1.5,1,0,0,0,0,0,0,0,0,0,0,0
2025-06-24 14:00,60,"SRGN_GN060_FINAL_UNIVERSITESI_INDOOR/NodeBFunction:NodeB Function Name=NGN01_39560_GN060_FINAL_UNIVERSITESI_INDOOR/MocID:2/CnOperator:-1",Reliable,0,0,0,0,3200,3200,0.355,0.16,0,0.081,0,0,0,0,2.5,2,0,1,0,0,0,0,0,0,0,0,0,0,0,0,0,0
2025-06-24 14:00,60,"GLIS_IS035_THALASSA/NodeBFunction:NodeB Function Name=NIS11_39690_IS035_THALASSA/MocID:2/CnOperator:-1",Reliable,0,0,0,0,3200,3200,1.794,1.146,0,0.724,0,0,0,0,12.5,11,0,9.5,0,0,0,0,0,0,0,0,0,0,0,0,0,0
2025-06-24 14:00,60,"SRMG_MG044_PILE/NodeBFunction:NodeB Function Name=NMG11_39871_MG044_PILE/MocID:2/CnOperator:-1",Reliable,0,0,0,0,3200,3200,2.917,2.367,0,0.812,0,0,0,0,18,13,0,11.5,0,0,0,0,0,0,0,0,0,0,0,0,0,0
2025-06-24 14:00,60,"GLMG_MG029_INONU/NodeBFunction:NodeB Function Name=NMG11_39856_MG029_INONU/MocID:2/CnOperator:-1",Reliable,0,0,0,0,3200,3200,7.613,2.447,0,4.66,0,0,0,0,21.5,11,0,19,0,0.5,0.5,0,0,0,0,0,0,0,0,0,0,0
2025-06-24 14:00,60,"SRIS_IS015_FLORYA/NodeBFunction:NodeB Function Name=NIS11_39670_IS015_FLORYA/MocID:2/CnOperator:-1",Reliable,0,0,0,0,3200,3200,9.799,3.722,0,5.974,0,0,0,0,29.5,22,0,21.5,0,0,0,0,0,0,0,0,0,0,0,0,0,0
2025-06-24 14:00,60,"GLIS_IS041_YESILKOY/NodeBFunction:NodeB Function Name=NIS11_39696_IS041_YESILKOY/MocID:2/CnOperator:-1",Reliable,0,0,0,0,3200,3200,9.145,4.058,0,6.035,0,0,0,0,34.5,19,0,26,0,2,0.5,0,0,0,0,0,0,0,0,0,0,0
2025-06-24 14:00,60,"SRMG_MG028_INCIRLI/NodeBFunction:NodeB Function Name=NMG11_39855_MG028_INCIRLI/MocID:2/CnOperator:-1",Reliable,0,0,0,0,3200,3200,15.583,3.692,0,8.703,0,0,0,0,37,16,0,21.5,0,3,0,0,0,0,0,0,2.807,12.5,0,0,1.195,6.5
2025-06-24 14:00,60,"SRMG_MG020_DUZCE_SINIR_KULE/NodeBFunction:NodeB Function Name=NMG11_39847_MG020_DUZCE_SINIR_KULE/MocID:2/CnOperator:-1",Reliable,0,0,0,0,3200,3200,12.313,7.878,0,4.839,0,0,0,0,29,34,0,15.5,0,0.5,0,0,0,0,0,0,0,0,0,0,0,0
2025-06-24 14:00,60,"SRGN_GN122_SADRAZAMKOY/NodeBFunction:NodeB Function Name=NGN01_39622_GN122_SADRAZAMKOY/MocID:2/CnOperator:-1",Reliable,0,0,0,0,3200,3200,1.34,0.219,0,1.142,0,0,0,0,6,4,0,6,0,0,0,0,0,0,0,0,0,0,0,0,0,0
2025-06-24 14:00,60,"SRGN_GN115_PASA_TULIP/NodeBFunction:NodeB Function Name=NGN01_39615_GN115_PASA_TULIP/MocID:2/CnOperator:-1",Reliable,0,0,0,0,3200,3200,0.724,0.414,0,0.389,0,0,0,0,9.5,3,0,8.5,0,0,0,0,0,0,0,0,0,0,0,0,0,0
2025-06-24 14:00,60,"SRMG_MG052_TATLISU_BELEDIYE/NodeBFunction:NodeB Function Name=NMG11_39879_MG052_TATLISU_BELEDIYE/MocID:2/CnOperator:-1",Reliable,0,0,0,0,3200,3200,4.724,2.79,0,3.629,0,0,0,0,17,11,0,16.5,1,1,1,0,0,0,0,0,0.165,2.5,0,0,0.06,1
2025-06-24 14:00,60,"SRIS_IS021_KARPAZ_VALLEY/NodeBFunction:NodeB Function Name=NIS11_39676_IS021_KARPAZ_VALLEY/MocID:2/CnOperator:-1",Reliable,0,0,0,0,3200,3200,2.74,1.369,0,1.353,0,0,0,0,13,10,0,8.5,0,0,0,0,0,0,0,0,0,0,0,0,0,0
2025-06-24 14:00,60,"GLMG_MG053_TATLISU_VALLEY/NodeBFunction:NodeB Function Name=NMG11_39880_MG053_TATLISU_VALLEY/MocID:2/CnOperator:-1",Reliable,0,0,0,0,3200,3200,34.87,15.8,0,18.484,0,0,0,0,67.5,46,0,38.5,2,14.5,5.5,0,0,0,0,0,0,0,0,0,0,0
2025-06-24 14:00,60,"GLIS_IS002_AVTEPE/NodeBFunction:NodeB Function Name=NIS11_39657_IS002_AVTEPE/MocID:2/CnOperator:-1",Reliable,0,0,0,0,3200,3200,8.639,3.799,0,5.01,0,0,0,0,30.5,17,0,27.5,0,0,0,0,0,0,0,0,0,0,0,0,0,0
2025-06-24 14:00,60,"SRIS_IS006_BOGAZ_END_MADENCILIK/NodeBFunction:NodeB Function Name=NIS11_39661_IS006_BOGAZ_END_MADENCILIK/MocID:2/CnOperator:-1",Reliable,0,0,0,0,3200,3200,6.033,2.621,0,3.899,0,0,0,0,20.5,15,0,18.5,0,0,0,0,0,0,0,0,0.134,2.5,0,0,0.047,1
2025-06-24 14:00,60,"SRLF_LF081_NESS_FITNESS/NodeBFunction:NodeB Function Name=NLF01_39794_LF081_NESS_FITNESS/MocID:2/CnOperator:-1",Reliable,0,0,0,0,3200,3200,0.499,0.249,0,0.285,0,0,0,0,4.5,5,0,3.5,0,0,0,0,0,0,0,0,0,0,0,0,0,0
2025-06-24 14:00,60,"SRLK_LK006_ESKI_ERENKOY/NodeBFunction:NodeB Function Name=NLK01_39704_LK006_ESKI_ERENKOY/MocID:2/CnOperator:-1",Reliable,0,0,0,0,3200,3200,4.614,1.196,0,4.328,0,0,0,0,24.5,5,0,23,0,0,0,0,0,0,0,0,0,0,0,0,0,0
2025-06-24 14:00,60,"GLLK_LK013_SAVASTEPE/NodeBFunction:NodeB Function Name=NLK01_39711_LK013_SAVASTEPE/MocID:2/CnOperator:-1",Reliable,0,0,0,0,3200,3200,6.003,0.694,0,5.316,0,0,0,0,20,3,0,20,0,0,0,0,0,0,0,0,0,0,0,0,0,0
2025-06-24 14:00,60,"GLGN_GN150_GOLF_SAHASI_NEW/NodeBFunction:NodeB Function Name=NGN01_39936_GN150_GOLF_SAHASI_NEW/MocID:2/CnOperator:-1",Reliable,0,0,0,0,3200,3200,9.642,3.304,0,5.847,0,0,0,0,28.5,10,0,17.5,0,0.5,0,0,0,0,0,0,0,0,0,0,0,0
2025-06-24 14:00,60,"SRGN_GN135_YAYLADAG_VIP2/NodeBFunction:NodeB Function Name=NGN01_39635_GN135_YAYLADAG_VIP2/MocID:2/CnOperator:-1",Reliable,0,0,0,0,3200,3200,36.544,13.6,0,20.631,0,0,0,0,83.5,30,0,58,1,14,7,0,0,0,0,0,0,0,0,0,0,0
2025-06-24 14:00,60,"GLLF_LF146_LIMASOL_BANKASI/NodeBFunction:NodeB Function Name=NLF01_39945_LF146_LIMASOL_BANKASI/MocID:2/CnOperator:-1",Reliable,0,0,0,0,3200,3200,27.772,10.164,0,17.623,0,0,0,0,64,21,0,56,1,12.5,6,0,0,0,0,0,0,0,0,0,0,0
2025-06-24 14:00,60,"NLF01_39750_LF037_GOLDEN_TULIP/NodeBFunction:NodeB Function Name=NLF01_39750_LF037_GOLDEN_TULIP/MocID:2/CnOperator:-1",Reliable,0,0,0,0,3200,3200,14.814,4.715,0,9.047,,,0,0,54,12,0,48,0,2.5,0.5,0,0,0,,,,,,,,
2025-06-24 14:00,60,"SRLF_LF003_ALAYKOY/NodeBFunction:NodeB Function Name=NLF01_39716_LF003_ALAYKOY/MocID:2/CnOperator:-1",Reliable,0,0,0,0,3200,3200,11.865,4.338,0,7.99,0,0,0,0,32.5,11,0,26.5,0,3,0.5,0,0,0,0,0,0,0,0,0,0,0
2025-06-24 14:00,60,"SRGN_GN013_ARABACIOGLU/NodeBFunction:NodeB Function Name=NGN01_39513_GN013_ARABACIOGLU/MocID:2/CnOperator:-1",Reliable,0,0,0,0,3200,3200,6.844,2.465,0,3.774,0,0,0,0,28.5,8,0,19,0,0,0,0,0,0,0,0,0,0,0,0,0,0
2025-06-24 14:00,60,"GLGN_GN149_TEPEBASI_ASKERIYE/NodeBFunction:NodeB Function Name=NGN01_39935_GN149_TEPEBASI_ASKERIYE/MocID:2/CnOperator:-1",Reliable,0,0,0,0,3200,3200,27.728,5.007,0,20.693,0,0,0,0,52,14,0,43.5,1,6,5,0,0,0,0,0,0,0,0,0,0,0
2025-06-24 14:00,60,"SRIS_IS050_EZIC_YENIBOGAZICI_EM/NodeBFunction:NodeB Function Name=NIS11_39933_IS050_EZIC_YENIBOGAZICI_EM/MocID:2/CnOperator:-1",Reliable,0,0,0,0,3200,3200,1.114,0.297,0,1.012,0,0,0,0,24.5,4,0,24.5,0,0,0,0,0,0,0,0,0,0,0,0,0,0
2025-06-24 14:00,60,"NGN01_39628_GN128_TASKENT_PIKNIK_SC/NodeBFunction:NodeB Function Name=NGN01_39628_GN128_TASKENT_PIKNIK_SC/MocID:2/CnOperator:-1",Unreliable,0,0,0,0,3200,3200,0.082,0.092,0,0.001,,,0,0,1,2,0,0.5,0,0,0,0,0,0,,,,,,,,
2025-06-24 14:00,60,"NGN01_39523_GN023_BEYLERBEYI_SC/NodeBFunction:NodeB Function Name=NGN01_39523_GN023_BEYLERBEYI_SC/MocID:2/CnOperator:-1",Reliable,0,0,0,0,3200,3200,0.933,0.433,0,0.576,,,0,0,6,3,0,5,0,0,0,0,0,0,,,,,,,,
2025-06-24 14:00,60,"NGN01_39558_GN058_ESENTEPE_PLAJ_SC_MEVSIM/NodeBFunction:NodeB Function Name=NGN01_39558_GN058_ESENTEPE_PLAJ_SC_MEVSIM/MocID:2/CnOperator:-1",Unreliable,0,0,0,0,3200,3200,5.901,1.765,0,4.529,,,0,0,35,7,0,32,0,0,0,0,0,0,,,,,,,,
2025-06-24 14:00,60,"NLF01_39726_LF013_BASBAKANLIK_SC/NodeBFunction:NodeB Function Name=NLF01_39726_LF013_BASBAKANLIK_SC/MocID:2/CnOperator:-1",Unreliable,0,0,0,0,3200,3200,0.356,0.178,0,0.155,,,0,0,4.5,2,0,3.5,0,0,0,0,0,0,,,,,,,,
2025-06-24 14:00,60,"NLF01_39758_LF045_GULGUN_SUT_SC/NodeBFunction:NodeB Function Name=NLF01_39758_LF045_GULGUN_SUT_SC/MocID:2/CnOperator:-1",Unreliable,0,0,0,0,3200,3200,2.256,0.583,0,1.61,,,0,0,16.5,3,0,14,0,0,0,0,0,0,,,,,,,,
2025-06-24 14:00,60,"NLF01_39804_LF091_SONSAL_MUHASEBE_SC/NodeBFunction:NodeB Function Name=NLF01_39804_LF091_SONSAL_MUHASEBE_SC/MocID:2/CnOperator:-1",Reliable,0,0,0,0,3200,3200,4.903,2.146,0,2.496,,,0,0,14.5,7,0,11,0,0,0,0,0,0,,,,,,,,
2025-06-24 14:00,60,"GLGN_GN041_DIKMEN_CLUB/NodeBFunction:NodeB Function Name=NGN01_39541_GN041_DIKMEN_CLUB/MocID:2/CnOperator:-1",Reliable,0,0,0,0,3200,3200,11.925,3.449,0,8.64,0,0,0,0,26,9,0,23,1,4,2.5,0,0,0,0,0,0,0,0,0,0,0
2025-06-24 14:00,60,"GLLF_LF064_LEFKOSA_TD_VIP2/NodeBFunction:NodeB Function Name=NLF01_39777_LF064_LEFKOSA_TD_VIP2/MocID:2/CnOperator:-1",Reliable,0,0,0,0,3200,3200,37.5,13.824,0,26.54,0,0,0,0,57,23,0,49,5,17.5,13,0,0,0,0,0,0,0,0,0,0,0
2025-06-24 14:00,60,"GLLF_LF052_HASPOLAT_VIP2/NodeBFunction:NodeB Function Name=NLF01_39765_LF052_HASPOLAT_VIP2/MocID:2/CnOperator:-1",Reliable,0,0,0,0,3200,3200,25.125,8.453,0,15.427,0,0,0,0,67.5,20,0,53.5,1,8.5,4.5,0,0,0,0,0,0,0,0,0,0,0
2025-06-24 14:00,60,"GLLF_LF043_GONYELI_VIP1/NodeBFunction:NodeB Function Name=NLF01_39756_LF043_GONYELI_VIP1/MocID:2/CnOperator:-1",Reliable,0,0,0,0,3200,3200,12.313,6.36,0,6.653,0,0,0,0,30,14,0,21,1,2.5,1,0,0,0,0,0,0,0,0,0,0,0
2025-06-24 14:00,60,"GLLF_LF038_GONYELI_3/NodeBFunction:NodeB Function Name=NLF01_39751_LF038_GONYELI_3/MocID:2/CnOperator:-1",Reliable,0,0,0,0,3200,3200,17.655,6.646,0,10.579,0,0,0,0,35,18,0,25.5,1,2,0.5,0,0,0,0,0,0,0,0,0,0,0
2025-06-24 14:00,60,"GLLF_LF036_GIRNEKAPISI_LEMAR/NodeBFunction:NodeB Function Name=NLF01_39749_LF036_GIRNEKAPISI_LEMAR/MocID:2/CnOperator:-1",Reliable,0,0,0,0,3200,3200,6.876,2.269,0,4.107,0,0,0,0,36,7,0,33.5,0,0,0,0,0,0,0,0,0,0,0,0,0,0
2025-06-24 14:00,60,"GLLF_LF053_IRFAN_INSAAT/NodeBFunction:NodeB Function Name=NLF01_39766_LF053_IRFAN_INSAAT/MocID:2/CnOperator:-1",Reliable,0,0,0,0,3200,3200,10.408,4.429,0,5.272,0,0,0,0,27,13,0,19,0,1.5,0.5,0,0,0,0,0,0,0,0,0,0,0
